project,filePath,methodName,noBugFixes,noCommitFixes,noClones,halsteadLength,halsteadVocabulary,halsteadVolume,entropy
jbehave-core,jbehave-core/src/test/java/org/jbehave/core/io/StoryPathResolverBehaviour.java,shouldResolveClassNamePreservingCase,1,1,0,26,19,110.44611534953322,4.023145853739676
jbehave-core,jbehave-core/src/test/java/org/jbehave/core/io/StoryPathResolverBehaviour.java,shouldResolveClassNamePreservingCaseWithNumbers,1,1,0,27,20,116.69205856195879,4.102678595702847
jbehave-core,jbehave-core/src/test/java/org/jbehave/core/io/StoryPathResolverBehaviour.java,shouldResolveCamelCasedClassNameToCasePreservingName,1,1,0,27,20,116.69205856195879,4.102678595702847
jbehave-core,jbehave-core/src/test/java/org/jbehave/core/io/StoryPathResolverBehaviour.java,shouldResolveCamelCasedClassNameToCasePreservingNameWithExtension,1,1,0,27,20,116.69205856195879,4.102678595702847
jbehave-core,jbehave-core/src/test/java/org/jbehave/core/io/StoryPathResolverBehaviour.java,shouldResolveCamelCasedClassNameToUnderscoredNameWithDefaultExtension,1,1,0,26,19,110.44611534953322,4.023145853739676
jbehave-core,jbehave-core/src/test/java/org/jbehave/core/io/StoryPathResolverBehaviour.java,shouldResolveCamelCasedClassNameToUnderscoredNameWithExtension,1,1,0,27,20,116.69205856195879,4.102678595702847
jbehave-core,jbehave-core/src/test/java/org/jbehave/core/io/StoryPathResolverBehaviour.java,shouldResolveCamelCasedClassNameToUnderscoredNameWithExtensionStrippingExtraneousWord,1,1,0,31,22,138.24238017775622,4.17146526179041
jbehave-core,jbehave-core/src/test/java/org/jbehave/core/io/StoryPathResolverBehaviour.java,shouldResolveCamelCasedClassNameWithNumbersTreatedAsLowerCaseLetters,1,1,0,40,22,178.37726474549189,4.084183719779188
jbehave-core,jbehave-core/src/test/java/org/jbehave/core/io/StoryPathResolverBehaviour.java,shouldResolveCamelCasedClassNameWithNumbersTreatedAsUpperCaseLetters,1,1,0,41,23,185.46604019833754,4.149996516707671
jbehave-core,jbehave-core/src/test/java/org/jbehave/core/io/StoryPathResolverBehaviour.java,shouldResolveDefaultPackageClassName,1,1,0,26,19,110.44611534953322,3.9500637564362093
jbehave-core,jbehave-core/src/test/java/org/jbehave/core/model/ExamplesTableBehaviour.java,shouldParseTableWithCustomNestedTransformers,2,2,0,97,45,532.7097503439785,4.917866290681238
jbehave-core,jbehave-core/src/test/java/org/jbehave/core/model/ExamplesTableBehaviour.java,shouldAllowBuildingOfTableFromEmptyContent,2,2,0,48,26,225.62110647077245,4.30142832417039
jbehave-core,jbehave-core/src/test/java/org/jbehave/core/model/ExamplesTableFactoryBehaviour.java,shouldCreateExamplesTableWithParametersFromResourceInput,12,3,0,64,32,320.0,4.520579089248423
jbehave-core,jbehave-core/src/test/java/org/jbehave/core/model/ExamplesTableFactoryBehaviour.java,shouldCreateExamplesTableFromTableInputWithInlinedSeparatorsHavingSpacesAtStart,12,3,0,40,24,183.39850002884629,4.234183719779187
jbehave-core,jbehave-core/src/test/java/org/jbehave/core/model/MetaBehaviour.java,shouldInheritFromParentStartingFromEmpty,1,1,0,76,27,361.37145016442366,4.147037016487799
jbehave-core,jbehave-core/src/test/java/org/jbehave/core/model/MetaBehaviour.java,shouldInheritFromParentStartingFromNonEmpty,1,1,0,88,28,423.0472331410691,4.1726999784322425
jbehave-core,jbehave-core/src/test/java/org/jbehave/core/model/OutcomesTableBehaviour.java,shouldDoNothingIfOutcomesVerified,1,1,0,74,30,363.1099040750304,4.263111731853971
jbehave-core,jbehave-core/src/test/java/org/jbehave/core/model/StoryBehaviour.java,shouldCloneWithScenarios,2,2,0,130,36,672.0902501875006,4.640476801875282
jbehave-core,jbehave-core/src/test/java/org/jbehave/core/model/StoryDurationBehaviour.java,shouldTimeout,2,2,0,33,22,147.1612434150308,4.122988908553403
jbehave-core,jbehave-core/src/test/java/org/jbehave/core/model/StoryDurationBehaviour.java,shouldNotTimeout,2,2,0,33,22,147.1612434150308,4.122988908553403
jbehave-core,jbehave-core/src/test/java/org/jbehave/core/model/TablePropertiesBehaviour.java,canSetPropertiesWithWhitespaceInValue,1,1,0,27,19,114.6940428629768,3.9582291686698796
jbehave-core,jbehave-core/src/test/java/org/jbehave/core/model/TablePropertiesBehaviour.java,canSetPropertiesWithMixedCharsInValues,1,1,0,27,19,114.6940428629768,3.9582291686698796
jbehave-core,jbehave-core/src/test/java/org/jbehave/core/model/TablePropertiesBehaviour.java,canSetPropertiesWithSpecialCharsInName,1,1,0,27,19,114.6940428629768,3.9582291686698796
jbehave-core,jbehave-core/src/test/java/org/jbehave/core/model/TablePropertiesBehaviour.java,canSetPropertiesStartingWithSpecialCharsAndContainingBracketsInValue,1,1,0,27,19,114.6940428629768,3.9582291686698796
jbehave-core,jbehave-core/src/test/java/org/jbehave/core/model/TablePropertiesBehaviour.java,canGetDefaultProperties,1,1,0,122,36,630.7308501759621,3.8752743491408626
jbehave-core,jbehave-core/src/test/java/org/jbehave/core/model/TablePropertiesBehaviour.java,canGetAllProperties,1,1,0,30,21,131.76952268336282,4.12323142879762
jbehave-core,jbehave-core/src/test/java/org/jbehave/core/model/TablePropertiesBehaviour.java,canDecoratePropertyValuesToTrimOrKeepVerbatim,1,1,0,44,23,199.03672606650858,4.079225801519103
jbehave-core,jbehave-core/src/test/java/org/jbehave/core/model/TablePropertiesBehaviour.java,canDecoratePropertyValuesToUpperAndLowerCase,1,1,0,44,23,199.03672606650858,4.079225801519103
jbehave-core,jbehave-core/src/test/java/org/jbehave/core/model/TablePropertiesBehaviour.java,canChainDecoratorsToDecoratePropertyValues,1,1,0,44,23,199.03672606650858,4.079225801519104
jbehave-core,jbehave-core/src/test/java/org/jbehave/core/parsers/RegexCompositeParserBehaviour.java,shouldParseEmptySteps,1,1,0,31,21,136.16184010614157,4.192595004759881
jbehave-core,jbehave-core/src/test/java/org/jbehave/core/parsers/RegexCompositeParserBehaviour.java,shouldParseCompositeStepWithEmptyComposedSteps,1,1,0,50,31,247.70981551934378,4.556565630242718
jbehave-core,jbehave-core/src/test/java/org/jbehave/core/parsers/RegexCompositeParserBehaviour.java,shouldParseCompositeStepWithEmptyComposedStepsEndingWithLineBreak,1,1,0,52,33,262.3084942066396,4.654968026283395
jbehave-core,jbehave-core/src/test/java/org/jbehave/core/parsers/RegexCompositeParserBehaviour.java,shouldParseCompositeStepWithEmptyComposedStepsEndingWithSpaceAndLineBreaks,1,1,0,56,34,284.897919110019,4.715936788508252
jbehave-core,jbehave-core/src/test/java/org/jbehave/core/parsers/RegexCompositeParserBehaviour.java,shouldParseCompositeStepWithPriority,1,1,0,64,36,330.875200092308,4.771418898701708
jbehave-core,jbehave-core/src/test/java/org/jbehave/core/parsers/RegexCompositeParserBehaviour.java,shouldParseCompositeStepWithLineBreaks,1,1,0,97,39,512.6840152296381,4.718222201801099
jbehave-core,jbehave-core/src/test/java/org/jbehave/core/parsers/RegexCompositeParserBehaviour.java,shouldParseTwoCompositeStepWithCRLF,1,1,0,83,39,438.6883841655666,4.783837500792543
jbehave-core,jbehave-core/src/test/java/org/jbehave/core/parsers/RegexPrefixCapturingPatternParserBehaviour.java,shouldMatchStepWithPatternsUsingUnderscoresInParameterNames,1,1,0,15,14,57.110323830864054,3.7735572622751845
jbehave-core,jbehave-core/src/test/java/org/jbehave/core/parsers/RegexPrefixCapturingPatternParserBehaviour.java,shouldMatchStepWithPatternsUsingCustomCharacterClass,1,1,0,31,21,136.16184010614157,4.195816471537619
jbehave-core,jbehave-core/src/test/java/org/jbehave/core/parsers/RegexPrefixCapturingPatternParserBehaviour.java,shouldEscapeRegexPunctuationUsedInPatterns,1,1,0,48,27,228.2346001038465,4.290400719733288
jbehave-core,jbehave-core/src/test/java/org/jbehave/core/parsers/RegexPrefixCapturingPatternParserBehaviour.java,shouldMatchStepWithPatternContainingRegexPunctuation,1,1,0,22,15,85.95159310338741,3.788754913993503
jbehave-core,jbehave-core/src/test/java/org/jbehave/core/parsers/RegexPrefixCapturingPatternParserBehaviour.java,shouldExtractParameterNamesWithoutQuotes,1,1,0,49,26,230.32154618891354,4.25156724167702
jbehave-core,jbehave-core/src/test/java/org/jbehave/core/parsers/RegexStoryParserBehaviour.java,shouldParseStoryWithGivenStoriesWithAnchorParameters,5,2,0,149,49,836.591766773166,4.6246492033420985
jbehave-core,jbehave-core/src/test/java/org/jbehave/core/parsers/RegexStoryParserBehaviour.java,shouldParseStoryWithSimpleSteps,5,2,0,105,36,542.8421251514428,4.512522790815716
jbehave-core,jbehave-core/src/test/java/org/jbehave/core/parsers/RegexStoryParserBehaviour.java,shouldParseStoryWithGivenStoriesAtStoryAndScenarioLevel,5,2,0,97,39,512.6840152296381,4.656369831790326
jbehave-core,jbehave-core/src/test/java/org/jbehave/core/parsers/RegexStoryParserBehaviour.java,shouldParseStoryWithLifecycleAndStoryScope,5,2,0,241,54,1386.927888021396,4.748640183269658
jbehave-core,jbehave-core/src/test/java/org/jbehave/core/parsers/RegexStoryParserBehaviour.java,shouldParseStoryWithLifecycleExamplesOnly,5,2,0,110,42,593.1549165056637,4.671014967333077
jbehave-core,jbehave-core/src/test/java/org/jbehave/core/parsers/RegexStoryParserBehaviour.java,shouldParseStoryWithMultilineSteps,5,2,0,118,37,614.7154971442161,4.4006385391993605
jbehave-core,jbehave-core/src/test/java/org/jbehave/core/parsers/RegexStoryParserBehaviour.java,shouldParseStoryWithMultilineScenarioTitle,5,2,0,52,29,252.6150117466338,4.430096325622439
jbehave-core,jbehave-core/src/test/java/org/jbehave/core/parsers/RegexStoryParserBehaviour.java,shouldParseWithMultipleScenarios,5,2,0,111,33,559.9277472487884,4.27816963347431
jbehave-core,jbehave-core/src/test/java/org/jbehave/core/parsers/RegexStoryParserBehaviour.java,shouldParseStoryWithIncompleteNarrative,5,2,0,73,35,374.43766023698254,4.613200121485486
jbehave-core,jbehave-core/src/test/java/org/jbehave/core/parsers/RegexStoryParserBehaviour.java,shouldParseStoryWithScenarioKeywordInComments,5,2,0,92,40,489.61738472963737,4.768303495446248
jbehave-core,jbehave-core/src/test/java/org/jbehave/core/parsers/RegexStoryParserBehaviour.java,shouldParseStoryWithoutScenarioKeywordInComments,5,2,0,121,42,652.4704081562301,4.679609638087192
jbehave-core,jbehave-core/src/test/java/org/jbehave/core/parsers/RegexStoryParserBehaviour.java,shouldParseStoryWithScenarioContainingGivenStories,5,2,0,30,14,114.22064766172811,3.361406329721843
jbehave-core,jbehave-core/src/test/java/org/jbehave/core/parsers/RegexStoryParserBehaviour.java,shouldParseStoryWithScenarioContainingExamplesTableAndEndingWithComments,5,2,0,257,58,1505.501115747786,4.5505559356245096
jbehave-core,jbehave-core/src/test/java/org/jbehave/core/parsers/RegexStoryParserBehaviour.java,shouldParseStoryWithSingleEmptyScenario,5,2,0,69,33,348.0631942357333,4.463138394444041
jbehave-core,jbehave-core/src/test/java/org/jbehave/core/parsers/RegexStoryParserBehaviour.java,shouldParseStoryHavingEmptyScenarios,5,2,0,144,45,790.8268458714732,4.640406181601184
jbehave-core,jbehave-core/src/test/java/org/jbehave/core/parsers/RegexStoryParserBehaviour.java,shouldParseStoryWithSingleEmptyScenarioHavingMeta,5,2,0,104,42,560.8010119689911,4.5794285880922905
jbehave-core,jbehave-core/src/test/java/org/jbehave/core/parsers/RegexStoryParserBehaviour.java,shouldParseStoryWithUntrimmedSteps,5,2,0,229,47,1272.000847034179,4.67681694024153
jbehave-core,jbehave-core/src/test/java/org/jbehave/core/parsers/RegexStoryParserBehaviour.java,shouldParseStoryWithVeryLongTables,5,2,0,12,10,39.863137138648355,3.188721875540867
jbehave-core,jbehave-core/src/test/java/org/jbehave/core/reporters/FilePrintStreamFactoryBehaviour.java,shouldHandleStoryPathInClasspath,1,1,0,28,19,118.94197037642039,4.066108939837481
jbehave-core,jbehave-core/src/test/java/org/jbehave/core/reporters/FilePrintStreamFactoryBehaviour.java,shouldHandleStoryPathAsURL,1,1,0,30,20,129.65784284662087,4.123231428797621
jbehave-core,jbehave-core/src/test/java/org/jbehave/core/reporters/FilePrintStreamFactoryBehaviour.java,shouldHandleStoryPathAsURLWithSpecifiedCodeSourceClass,1,1,0,29,20,125.33591475173351,4.159199529386524
jbehave-core,jbehave-core/src/test/java/org/jbehave/core/reporters/FilePrintStreamFactoryBehaviour.java,shouldResolveOutputNameFromStoryLocationWithSimpleNameResolver,1,1,0,37,18,154.28722505336555,3.7302896912181236
jbehave-core,jbehave-core/src/test/java/org/jbehave/core/reporters/PostStoryStatisticsCollectorBehaviour.java,shouldNotCountFailedScenariosIfExceptionsAreNull,1,1,0,50,27,237.74437510817344,4.286886761135437
jbehave-core,jbehave-core/src/test/java/org/jbehave/core/reporters/PrintStreamOutputBehaviour.java,shouldReportEventsToJsonOutputScenarioNestedGivenStoriesWithMultipleExamplesAndLifecycles,148,11,0,829,92,5408.032861571264,4.731719972077058
jbehave-core,jbehave-core/src/test/java/org/jbehave/core/reporters/PrintStreamOutputBehaviour.java,shouldReportEventsToJsonOutputIfScenarioIsEmptyWithLifecycleExamplesTable,148,11,0,238,78,1495.9257280892152,5.124962117216375
jbehave-core,jbehave-core/src/test/java/org/jbehave/core/reporters/PrintStreamOutputBehaviour.java,shouldUseCustomDateFormatInOutcomesTable,148,11,0,127,54,730.8707127747606,4.955544476277865
jbehave-core,jbehave-core/src/test/java/org/jbehave/core/reporters/PrintStreamOutputBehaviour.java,shouldReportEventsToJsonOutputEmptyScenarioLifecycle,148,11,0,264,73,1634.1136835443247,4.9777054955044555
jbehave-core,jbehave-core/src/test/java/org/jbehave/core/reporters/SurefireReporterBehaviour.java,shouldProduceXmlReportWithSimpleNamingStrategy,2,2,0,84,38,440.82591112926116,4.7001172280985
jbehave-core,jbehave-core/src/test/java/org/jbehave/core/steps/CompositeCandidateStepsBehaviour.java,shouldMatchCompositesAndCreateComposedStepsUsingMatchedParameters,1,1,0,149,54,857.4782378223568,4.971367063241716
jbehave-core,jbehave-core/src/test/java/org/jbehave/core/steps/CompositeCandidateStepsBehaviour.java,shouldIgnoreCompositesIgnorableStep,1,1,0,123,50,694.1943113422911,5.0338303104570565
jbehave-core,jbehave-core/src/test/java/org/jbehave/core/steps/CompositeCandidateStepsBehaviour.java,shouldCommentCompositesComment,1,1,0,123,50,694.1943113422911,5.0338303104570565
jbehave-core,jbehave-core/src/test/java/org/jbehave/core/steps/InstanceStepsFactoryBehaviour.java,shouldCreateCandidateSteps,6,2,0,82,38,430.330056102374,4.621911530014908
jbehave-core,jbehave-core/src/test/java/org/jbehave/core/steps/InstanceStepsFactoryBehaviour.java,shouldDetermineIfStepsInstanceHasAnnotatedMethods,6,2,0,42,21,184.47733175670794,4.010434089033338
jbehave-core,jbehave-core/src/test/java/org/jbehave/core/steps/InstanceStepsFactoryBehaviour.java,shouldAllowGenericList,6,2,0,68,31,336.88534910630756,4.463880076634045
jbehave-core,jbehave-core/src/test/java/org/jbehave/core/steps/ParameterConvertersBehaviour.java,shouldConvertCommaSeparatedValuesToArrayWithDefaultFormat,1,1,0,34,22,151.6206750336681,4.275414592002198
jbehave-core,jbehave-core/src/test/java/org/jbehave/core/steps/ParameterConvertersBehaviour.java,shouldConvertEmptyStringToEmptyArray,1,1,0,31,20,133.97977094150824,4.128078875727622
jbehave-core,jbehave-core/src/test/java/org/jbehave/core/steps/ParameterConvertersBehaviour.java,shouldConvertCurrency,1,1,0,26,17,106.27403387250884,3.767183467891461
jbehave-core,jbehave-core/src/test/java/org/jbehave/core/steps/ParameterConvertersBehaviour.java,shouldConvertPattern,1,1,0,35,18,145.94737505048093,3.598317047645711
jbehave-core,jbehave-core/src/test/java/org/jbehave/core/steps/ParameterConvertersBehaviour.java,shouldConvertFile,1,1,0,25,16,100.0,3.7034651896016464
jbehave-core,jbehave-core/src/test/java/org/jbehave/core/steps/ParameterConvertersBehaviour.java,shouldCreateJsonFromStringInput,1,1,0,44,22,196.21499122004107,4.115808539574485
jbehave-core,jbehave-core/src/test/java/org/jbehave/core/steps/ParameterConvertersBehaviour.java,shouldCreateJsonFromResourceInput,1,1,0,71,31,351.7479380374682,4.448423351624807
jbehave-core,jbehave-core/src/test/java/org/jbehave/core/steps/ParameterConvertersBehaviour.java,shouldPutAllNullsIfNoJsonArgumentsMatched,1,1,0,74,29,359.49059363944036,4.320393231280019
jbehave-core,jbehave-core/src/test/java/org/jbehave/core/steps/ParameterConvertersBehaviour.java,shouldNotBeEqualJsonWithWhitespaces,1,1,0,53,27,252.00903761466387,4.3618142659988965
jbehave-core,jbehave-core/src/test/java/org/jbehave/core/steps/ParameterConvertersBehaviour.java,shouldBeEqualDtosConvertedFromJsonWithWhitespaces,1,1,0,107,34,544.3585240137863,4.368659543211655
jbehave-core,jbehave-core/src/test/java/org/jbehave/core/steps/ParameterConvertersBehaviour.java,shouldConvertEnumWithFluentEnumConverter,3,2,0,35,21,153.73110979725664,4.05352631824773
jbehave-core,jbehave-core/src/test/java/org/jbehave/core/steps/ParameterConvertersBehaviour.java,shouldConvertStringViaChainOfConverters,3,2,0,72,31,356.70213434785506,4.42504300462058
jbehave-core,jbehave-core/src/test/java/org/jbehave/core/steps/ParameterConvertersBehaviour.java,shouldConvertFromStringUsingChainableParameterConverterIfDefaultDoesNotExist,3,2,0,64,27,304.312800138462,4.2878197618696765
jbehave-core,jbehave-core/src/test/java/org/jbehave/core/steps/PrintStreamStepMonitorBehaviour.java,shouldReportConvertedValueOfTypeWithConverters,1,1,0,61,35,312.88626403364293,4.71904220644428
jbehave-core,jbehave-core/src/test/java/org/jbehave/core/steps/PrintStreamStepMonitorBehaviour.java,shouldReportBeforePerformingStep,1,1,0,18,15,70.32403072095333,3.794653473544342
jbehave-core,jbehave-core/src/test/java/org/jbehave/core/steps/PrintStreamStepMonitorBehaviour.java,shouldReportNothingAfterBeforePerformingStep,1,1,0,24,18,100.07820003461549,3.93456081428629
jbehave-core,jbehave-core/src/test/java/org/jbehave/core/steps/PrintStreamStepMonitorBehaviour.java,shouldReportUsingAnnotatedNameForParameter,1,1,0,17,14,64.72503367497926,3.690116517593666
jbehave-core,jbehave-core/src/test/java/org/jbehave/core/steps/PrintStreamStepMonitorBehaviour.java,shouldReportUsingParameterNameForParameter,1,1,0,17,14,64.72503367497926,3.690116517593666
jbehave-core,jbehave-core/src/test/java/org/jbehave/core/steps/PrintStreamStepMonitorBehaviour.java,shouldReportUsingTableAnnotatedNameForParameter,1,1,0,17,14,64.72503367497926,3.690116517593666
jbehave-core,jbehave-core/src/test/java/org/jbehave/core/steps/PrintStreamStepMonitorBehaviour.java,shouldReportUsingTableParameterNameForParameter,1,1,0,17,14,64.72503367497926,3.690116517593666
jbehave-core,jbehave-core/src/test/java/org/jbehave/core/steps/PrintStreamStepMonitorBehaviour.java,shouldReportUsingNaturalOrderForParameter,1,1,0,16,13,59.207035490257475,3.577819531114783
jbehave-core,jbehave-core/src/test/java/org/jbehave/core/steps/PrintStreamStepMonitorBehaviour.java,shouldReportFoundParameter,1,1,0,17,14,64.72503367497926,3.690116517593666
jbehave-core,jbehave-core/src/test/java/org/jbehave/core/steps/PrintStreamStepMonitorBehaviour.java,shouldReportUsingStepsContextParameter,1,1,0,16,13,59.207035490257475,3.577819531114783
jbehave-core,jbehave-core/src/test/java/org/jbehave/core/steps/ScanningStepsFactoryBehaviour.java,shouldScanStepsFromRootClass,1,1,0,43,27,204.46016259302917,4.385453417442482
jbehave-core,jbehave-core/src/test/java/org/jbehave/core/steps/ScanningStepsFactoryBehaviour.java,shouldScanStepsFromPackagesAndIgnoreClassesNotAnnotated,1,1,0,41,27,194.95038758870223,4.451179822697836
jbehave-core,jbehave-core/src/test/java/org/jbehave/core/steps/ScanningStepsFactoryBehaviour.java,shouldNotFindAnyStepsFromNonAnnotatedClasses,1,1,0,40,26,188.0175887256437,4.3928966084191075
jbehave-core,jbehave-core/src/test/java/org/jbehave/core/steps/ScanningStepsFactoryBehaviour.java,shouldScanStepsFromPackagesAndFilterMatchingNames,1,1,0,48,30,235.53074858920888,4.483007230104883
jbehave-core,jbehave-core/src/test/java/org/jbehave/core/steps/ScanningStepsFactoryBehaviour.java,shouldNotFindAnyStepsFromInexistingPackage,1,1,0,40,26,188.0175887256437,4.3928966084191075
jbehave-core,jbehave-core/src/test/java/org/jbehave/core/steps/StepCandidateBehaviour.java,shouldMatchStepWithEmptyExamplesTableParameter,3,3,0,89,39,470.4007974787401,4.659126449044008
jbehave-core,jbehave-core/src/test/java/org/jbehave/core/steps/StepCandidateBehaviour.java,shouldMatchMethodParametersByParanamerNamesInNaturalOrder,3,3,0,12,11,41.51317942364757,3.418295834054489
jbehave-core,jbehave-core/src/test/java/org/jbehave/core/steps/StepCandidateBehaviour.java,shouldMatchMethodParametersByParanamerInverseOrder,3,3,0,12,11,41.51317942364757,3.4182958340544896
jbehave-core,jbehave-core/src/test/java/org/jbehave/core/steps/StepCreatorBehaviour.java,shouldCreateParametrisedStepWithParsedParametersValues,1,1,0,23,13,85.11011351724513,3.468576629687865
jbehave-core,jbehave-core/src/test/java/org/jbehave/core/steps/StepCreatorBehaviour.java,shouldCreateParametrisedStepWithNamedParametersValues,1,1,0,213,78,1338.790672617659,5.407683952148154
jbehave-core,jbehave-core/src/test/java/org/jbehave/core/steps/StepCreatorBehaviour.java,shouldNotConvertParametersForCompositeSteps,1,1,0,138,54,794.1744752985587,4.980361767355687
jbehave-core,jbehave-core/src/test/java/org/jbehave/core/steps/StepCreatorBehaviour.java,shouldMatchParametersByDelimitedNameWithDistinctNamedAnnotationsWithStoryExampleVariable,1,1,0,205,72,1264.834625295674,5.279356636906854
jbehave-core,jbehave-core/src/test/java/org/jbehave/core/steps/StepCreatorBehaviour.java,shouldHandleObjectAlreadyStoredFailureInSameLevel,1,1,0,21,17,85.83671966625714,3.9754180179138325
jbehave-core,jbehave-core/src/test/java/org/jbehave/core/steps/StepCreatorBehaviour.java,shouldHandleObjectAlreadyStoredFailureInDifferentLevel,1,1,0,21,17,85.83671966625714,3.9754180179138325
jbehave-core,jbehave-core/src/test/java/org/jbehave/core/steps/StepCreatorBehaviour.java,shouldResetKeysBetweenExamples,1,1,0,35,21,153.73110979725664,4.047160074632759
jbehave-core,jbehave-core/src/test/java/org/jbehave/core/steps/StepsBehaviour.java,shouldAllowBeforeOrAfterStepsToUseSpecifiedStepMonitor,4,2,0,65,32,325.0,4.472755778135111
jbehave-core,jbehave-core/src/test/java/org/jbehave/core/steps/StepsBehaviour.java,shouldReportFailuresInBeforeMethods,4,2,0,105,44,573.2403199569162,4.62561139063407
jbehave-core,jbehave-core/src/test/java/org/jbehave/core/steps/StepsBehaviour.java,shouldReportFailuresInAfterMethods,4,2,0,105,44,573.2403199569162,4.62561139063407
jbehave-core,jbehave-groovy/src/test/java/org/jbehave/core/configuration/groovy/GroovyAnnotationBuilderBehaviour.java,shouldBuildConfigurationFromAnnotations,1,1,0,26,17,106.27403387250884,3.869299699893522
jbehave-core,jbehave-groovy/src/test/java/org/jbehave/core/configuration/groovy/GroovyAnnotationBuilderBehaviour.java,shouldBuildDefaultConfigurationIfAnnotationOrAnnotatedValuesNotPresent,1,1,0,26,17,106.27403387250884,3.8692996998935225
jbehave-core,jbehave-groovy/src/test/java/org/jbehave/core/configuration/groovy/GroovyAnnotationBuilderBehaviour.java,shouldBuildCandidateStepsFromAnnotationsUsingGroovy,1,1,0,33,20,142.62362713128297,4.0785061502394475
jbehave-core,jbehave-groovy/src/test/java/org/jbehave/core/junit/groovy/GroovyAnnotatedEmbedderRunnerBehaviour.java,shouldCreateWithSpringAnnotatedBuilder,1,1,0,30,21,131.76952268336282,4.161406329721842
jbehave-core,jbehave-guice/src/test/java/org/jbehave/core/configuration/guice/GuiceAnnotationBuilderBehaviour.java,shouldBuildConfigurationFromAnnotationsUsingConfigureAndGuiceConverters,1,1,0,49,24,224.66316253533668,4.080149652280296
jbehave-core,jbehave-guice/src/test/java/org/jbehave/core/configuration/guice/GuiceAnnotationBuilderBehaviour.java,shouldBuildConfigurationFromAnnotationsUsingInjectorWithoutParent,1,1,0,69,35,353.92052816920267,4.607816123131288
jbehave-core,jbehave-guice/src/test/java/org/jbehave/core/configuration/guice/GuiceAnnotationBuilderBehaviour.java,shouldBuildDefaultConfigurationIfAnnotationOrAnnotatedValuesNotPresent,1,1,0,46,20,198.80869236481868,3.990315760122648
jbehave-core,jbehave-guice/src/test/java/org/jbehave/core/configuration/guice/GuiceAnnotationBuilderBehaviour.java,shouldBuildCandidateStepsFromAnnotationsUsingGuice,1,1,0,38,22,169.4584015082173,4.156244790934006
jbehave-core,jbehave-guice/src/test/java/org/jbehave/core/configuration/guice/GuiceAnnotationBuilderBehaviour.java,shouldBuildCandidateStepsFromAnnotationsUsingStepsAndGuice,1,1,0,35,21,153.73110979725664,4.125871146123145
jbehave-core,jbehave-guice/src/test/java/org/jbehave/core/configuration/guice/GuiceAnnotationBuilderBehaviour.java,shouldBuildCandidateStepsFromAnnotationsUsingStepsAndInheritingGuiceFromParent,1,1,0,35,21,153.73110979725664,4.125871146123144
jbehave-core,jbehave-guice/src/test/java/org/jbehave/core/configuration/guice/GuiceAnnotationBuilderBehaviour.java,shouldBuildCandidateStepsFromAnnotationsUsingStepsAndGuiceAndConverters,1,1,0,35,21,153.73110979725664,4.125871146123144
jbehave-core,jbehave-guice/src/test/java/org/jbehave/core/configuration/guice/GuiceAnnotationBuilderBehaviour.java,shouldBuildEmptyStepsListIfAnnotationOrAnnotatedValuesNotPresent,1,1,0,40,19,169.9171005377434,3.9806409835272807
jbehave-core,jbehave-guice/src/test/java/org/jbehave/core/configuration/guice/GuiceAnnotationBuilderBehaviour.java,shouldNotBuildContainerIfModuleNotInstantiable,1,1,0,50,25,232.19280948873623,4.1879764393853
jbehave-core,jbehave-guice/src/test/java/org/jbehave/core/configuration/guice/GuiceAnnotationBuilderBehaviour.java,shouldCreateOnlyOneContainerForMultipleBuildInvocations,1,1,0,44,19,186.90881059151775,3.8042288590166065
jbehave-core,jbehave-guice/src/test/java/org/jbehave/core/junit/guice/GuiceAnnotatedEmbedderRunnerBehaviour.java,shouldCreateWithGuiceAnnotatedBuilder,1,1,0,30,21,131.76952268336282,4.161406329721842
jbehave-core,jbehave-io/src/test/java/org/jbehave/io/ResourceFinderBehaviour.java,canFindResourceInJarsInClasspath,1,1,0,27,18,112.58797503894243,3.884155094595805
jbehave-core,jbehave-io/src/test/java/org/jbehave/io/ZipFileArchiverBehaviour.java,canArchiveZip,1,1,0,22,18,91.73835003173087,4.061482186720775
jbehave-core,jbehave-io/src/test/java/org/jbehave/io/ZipFileArchiverBehaviour.java,canResolveFileRelativeToDirectoryUsingUnixSeparators,1,1,0,44,18,183.47670006346175,3.7080986635018065
jbehave-core,jbehave-maven-plugin/src/test/java/org/jbehave/mojo/EmbedderMojoBehaviour.java,shouldCreateNewEmbedderWithExecutors,1,1,0,50,26,235.02198590705464,4.32637013015618
jbehave-core,jbehave-maven-plugin/src/test/java/org/jbehave/mojo/EmbedderMojoBehaviour.java,shouldCreateNewEmbedderWithMetaFilters,1,1,0,53,26,249.1233050614779,4.402172105384135
jbehave-core,jbehave-maven-plugin/src/test/java/org/jbehave/mojo/EmbedderMojoBehaviour.java,shouldCreateNewEmbedderIgnoringNullMetaFilters,1,1,0,52,26,244.4228653433368,4.3876577468624305
jbehave-core,jbehave-maven-plugin/src/test/java/org/jbehave/mojo/EmbedderMojoBehaviour.java,shouldAllowSpecificationOfEmbedderClass,1,1,0,58,25,269.343659006934,4.198690806204685
jbehave-core,jbehave-needle/src/test/java/org/jbehave/core/configuration/needle/NeedleAnnotationBuilderBehaviour.java,shouldBuildConfigurationFromAnnotationsUsingConfigureAndGuiceConverters,1,1,0,51,25,236.83666567851094,4.158828294914423
jbehave-core,jbehave-needle/src/test/java/org/jbehave/core/configuration/needle/NeedleAnnotationBuilderBehaviour.java,shouldBuildDefaultConfigurationIfAnnotationOrAnnotatedValuesNotPresent,1,1,0,48,21,210.83123629338053,4.073934896284056
jbehave-core,jbehave-needle/src/test/java/org/jbehave/core/configuration/needle/NeedleAnnotationBuilderBehaviour.java,shouldBuildCandidateStepsFromAnnotationsUsingStepsAndNeedle,1,1,0,37,22,164.99896988958,4.206225920256957
jbehave-core,jbehave-needle/src/test/java/org/jbehave/core/configuration/needle/NeedleAnnotationBuilderBehaviour.java,shouldBuildCandidateStepsFromAnnotationsUsingStepsAndGuiceAndConverters,1,1,0,37,22,164.99896988958,4.206225920256957
jbehave-core,jbehave-needle/src/test/java/org/jbehave/core/configuration/needle/NeedleAnnotationBuilderBehaviour.java,shouldBuildEmptyStepsListIfAnnotationOrAnnotatedValuesNotPresent,1,1,0,42,20,181.52097998526924,4.067282078626302
jbehave-core,jbehave-needle/src/test/java/org/jbehave/core/configuration/needle/NeedleAnnotationBuilderBehaviour.java,shouldBuildStepsList,1,1,0,39,25,181.11039140121426,4.4261772187513015
jbehave-core,jbehave-needle/src/test/java/org/jbehave/core/junit/needle/NeedleAnnotatedEmbedderRunnerBehaviour.java,shouldCreateWithGuiceAnnotatedBuilder,1,1,0,30,21,131.76952268336282,4.161406329721843
jbehave-core,jbehave-pico/src/test/java/org/jbehave/core/configuration/pico/PicoAnnotationBuilderBehaviour.java,shouldBuildDefaultConfigurationIfAnnotationOrAnnotatedValuesNotPresent,1,1,0,46,19,195.40466561840492,3.903359238383516
jbehave-core,jbehave-pico/src/test/java/org/jbehave/core/configuration/pico/PicoAnnotationBuilderBehaviour.java,shouldBuildCandidateStepsFromAnnotationsUsingPico,1,1,0,38,21,166.9080620655929,4.103613211986638
jbehave-core,jbehave-pico/src/test/java/org/jbehave/core/configuration/pico/PicoAnnotationBuilderBehaviour.java,shouldBuildCandidateStepsFromAnnotationsUsingStepsAndPico,1,1,0,35,20,151.26748332105768,4.068728288980287
jbehave-core,jbehave-pico/src/test/java/org/jbehave/core/configuration/pico/PicoAnnotationBuilderBehaviour.java,shouldBuildCandidateStepsFromAnnotationsUsingStepsAndInheritingPicoFromParent,1,1,0,35,21,153.73110979725664,4.125871146123145
jbehave-core,jbehave-pico/src/test/java/org/jbehave/core/configuration/pico/PicoAnnotationBuilderBehaviour.java,shouldBuildEmptyStepsListIfAnnotationOrAnnotatedValuesNotPresent,1,1,0,40,18,166.7970000576925,3.880640983527281
jbehave-core,jbehave-pico/src/test/java/org/jbehave/core/configuration/pico/PicoAnnotationBuilderBehaviour.java,shouldNotBuildContainerIfModuleNotInstantiable,1,1,0,50,24,229.24812503605784,4.1479764393853
jbehave-core,jbehave-pico/src/test/java/org/jbehave/core/configuration/pico/PicoAnnotationBuilderBehaviour.java,shouldCreateOnlyOneContainerForMultipleBuildInvocations,1,1,0,44,19,186.90881059151775,3.804228859016606
jbehave-core,jbehave-pico/src/test/java/org/jbehave/core/junit/pico/PicoAnnotatedEmbedderRunnerBehaviour.java,shouldCreateWithPicoAnnotatedBuilder,1,1,0,30,21,131.76952268336282,4.161406329721843
jbehave-core,jbehave-rest/src/test/java/org/jbehave/core/io/rest/IndexWithBreadcrumbsBehaviour.java,canIndexFromPathsWithDefaultSyntax,1,1,0,69,35,353.92052816920267,4.688376907763088
jbehave-core,jbehave-rest/src/test/java/org/jbehave/core/io/rest/confluence/LoadFromConfluenceBehaviour.java,shouldLoadFromConfluence,3,2,0,54,35,276.9812829150282,4.768142825957094
jbehave-core,jbehave-rest/src/test/java/org/jbehave/core/io/rest/redmine/LoadFromRedmineBehaviour.java,canReadFromRedmineAsJSON,1,1,0,42,22,187.29612798276648,4.2072117677593
jbehave-core,jbehave-rest/src/test/java/org/jbehave/core/io/rest/xwiki/LoadFromXWikiBehaviour.java,canFormatURIForJSON,1,1,0,42,22,187.29612798276648,4.2344795541337445
jbehave-core,jbehave-rest/src/test/java/org/jbehave/core/io/rest/xwiki/LoadFromXWikiBehaviour.java,canFormatURIForXML,1,1,0,42,22,187.29612798276648,4.2344795541337445
jbehave-core,jbehave-rest/src/test/java/org/jbehave/core/io/rest/xwiki/LoadFromXWikiBehaviour.java,canReadFromXWikiAsJSON,1,1,0,42,22,187.29612798276648,4.207211767759301
jbehave-core,jbehave-spring/src/test/java/org/jbehave/core/configuration/spring/SpringAnnotationBuilderBehaviour.java,shouldBuildEmptyStepsListIfAnnotationOrAnnotatedValuesNotPresent,1,1,0,40,18,166.7970000576925,3.880640983527281
jbehave-core,jbehave-spring/src/test/java/org/jbehave/core/configuration/spring/SpringAnnotationBuilderBehaviour.java,shouldCreateOnlyOneContainerForMultipleBuildInvocations,1,1,0,44,19,186.90881059151775,3.8042288590166065
jbehave-core,jbehave-spring/src/test/java/org/jbehave/core/configuration/spring/SpringStoryReporterBuilderBehaviour.java,shouldAllowUseOfGettersAndSetters,1,1,0,196,58,1148.1642750450042,4.603009294869794
jbehave-core,jbehave-spring/src/test/java/org/jbehave/core/junit/spring/SpringAnnotatedEmbedderRunnerBehaviour.java,shouldCreateWithSpringAnnotatedBuilder,1,1,0,30,21,131.76952268336282,4.161406329721843
jbehave-core,jbehave-spring/src/test/java/org/jbehave/core/steps/spring/SpringStepsFactoryAOPBehaviour.java,aopEnvelopedStepsCanBeCreated,1,1,0,44,26,206.81934759820808,4.387584812757066
jbehave-core,jbehave-spring/src/test/java/org/jbehave/core/steps/spring/SpringStepsFactoryBehaviour.java,stepsCanBeCreated,1,1,0,39,24,178.81353752812512,4.304257026388135
jbehave-core,jbehave-weld/src/test/java/org/jbehave/core/configuration/weld/WeldAnnotationBuilderBehaviour.java,shouldBuildConfigurationFromAnnotationsUsingConfigureAndConverters,1,1,0,41,23,185.46604019833754,4.119627919199463
jbehave-core,jbehave-weld/src/test/java/org/jbehave/core/configuration/weld/WeldAnnotationBuilderBehaviour.java,shouldBuildDefaultConfigurationIfAnnotationNotPresent,1,1,0,25,18,104.2481250360578,3.939470570797251
jbehave-core,jbehave-weld/src/test/java/org/jbehave/core/configuration/weld/WeldAnnotationBuilderBehaviour.java,shouldBuildCandidateStepsFromAnnotationsUsingWeld,1,1,0,34,20,146.94555522617034,4.054538856580818
jbehave-core,jbehave-weld/src/test/java/org/jbehave/core/configuration/weld/WeldAnnotationBuilderBehaviour.java,shouldBuildCandidateStepsFromAnnotationsUsingStepsAndWeldSteps,1,1,0,37,21,162.51574464281416,4.088265704673166
jbehave-core,jbehave-weld/src/test/java/org/jbehave/core/configuration/weld/WeldAnnotationBuilderBehaviour.java,shouldBuildOnlyWeldStepsListIfAnnotationOrAnnotatedValuesNotPresent,1,1,0,34,20,146.94555522617034,4.054538856580818
jbehave-core,jbehave-weld/src/test/java/org/jbehave/core/junit/weld/WeldAnnotatedEmbedderRunnerBehaviour.java,shouldCreateWithGuiceAnnotatedBuilder,1,1,0,30,21,131.76952268336282,4.161406329721843
jbehave-core,jbehave-core/src/test/java/org/jbehave/core/junit/JUnit4DescriptionGeneratorBehaviour.java,shouldExcludeFilteredOutStory,3,2,0,55,29,267.1889547320165,4.352207732904153
jbehave-core,jbehave-core/src/test/java/org/jbehave/core/junit/JUnit4StoryReporterBehaviour.java,shouldNotifyCompositeSteps,10,2,0,104,35,533.4454337622765,4.3139861710843945
jbehave-core,jbehave-core/src/test/java/org/jbehave/core/junit/JUnit4StoryReporterBehaviour.java,shouldHandleExampleStepsInCombinationWithCompositeSteps,10,2,0,150,50,846.5784284662086,4.630228221718377
jbehave-core,jbehave-core/src/test/java/org/jbehave/core/junit/JUnit4StoryReporterBehaviour.java,shouldNotifyAboutCompositeLifecycleStorySteps,10,2,0,360,68,2191.4866228501223,4.77745384338758
jbehave-core,jbehave-core/src/test/java/org/jbehave/core/embedder/PerformableTreeBehaviour.java,shouldAddExcludedPerformableScenariosToPerformableStory,56,7,0,469,99,3109.1682548173367,5.216423474165502
jbehave-core,jbehave-core/src/test/java/org/jbehave/core/junit/JUnit4DescriptionGeneratorBehaviour.java,shouldCountBeforeScenarioStepWithAnyAndNormalTypes,3,2,0,110,50,620.8241808752197,4.576098036644651
jbehave-core,jbehave-core/src/test/java/org/jbehave/core/junit/JUnit4DescriptionGeneratorBehaviour.java,shouldCountBeforeScenarioStepWithExampleType,3,2,0,107,49,600.7739533203273,4.5416395856176965
jbehave-core,jbehave-core/src/test/java/org/jbehave/core/junit/JUnit4DescriptionGeneratorBehaviour.java,shouldGenerateChildrenForComposedSteps,3,2,0,241,71,1482.0890558006283,4.782538721920559
jbehave-core,jbehave-core/src/test/java/org/jbehave/core/junit/JUnit4DescriptionGeneratorBehaviour.java,shouldCountSteps,3,2,0,108,49,606.3886631644425,4.585485969231538
jbehave-core,jbehave-core/src/test/java/org/jbehave/core/junit/JUnit4DescriptionGeneratorBehaviour.java,shouldNotCountComments,3,2,0,109,50,615.1803246854449,4.6186855582021655
jbehave-core,jbehave-core/src/test/java/org/jbehave/core/junit/JUnit4DescriptionGeneratorBehaviour.java,shouldCountIgnoredSteps,3,2,0,109,50,615.1803246854449,4.6186855582021655
jbehave-core,jbehave-core/src/test/java/org/jbehave/core/junit/JUnit4DescriptionGeneratorBehaviour.java,shouldGenerateDescriptionForStory,3,2,0,322,95,2115.4935058825654,5.152631352944323
jbehave-core,jbehave-core/src/test/java/org/jbehave/core/junit/JUnit4DescriptionGeneratorBehaviour.java,shouldStripCarriageReturnsFromScenarioDescriptions,3,2,0,93,43,504.6426221872951,4.5354348695214926
jbehave-core,jbehave-core/src/test/java/org/jbehave/core/junit/JUnit4DescriptionGeneratorBehaviour.java,shouldCopeWithSeeminglyDuplicateSteps,3,2,0,163,58,954.8509022057942,4.567136435696711
jbehave-core,jbehave-core/src/test/java/org/jbehave/core/junit/JUnit4DescriptionGeneratorBehaviour.java,shouldCopeWithDuplicateGivenStories,3,2,0,119,44,649.6723626178384,4.501291487584942
jbehave-core,jbehave-core/src/test/java/org/jbehave/core/junit/JUnit4DescriptionGeneratorBehaviour.java,shouldGenerateDescriptionForGivenStories,3,2,0,81,38,425.0821285889304,4.377871737166675
jbehave-core,jbehave-core/src/test/java/org/jbehave/core/junit/JUnit4DescriptionGeneratorBehaviour.java,shouldGenerateDescriptionForExampleTablesOnScenario,3,2,0,193,73,1194.6361398638435,5.012943837243662
jbehave-core,jbehave-core/src/test/java/org/jbehave/core/junit/JUnit4DescriptionGeneratorBehaviour.java,shouldCreateDescriptionForAndStep,3,2,0,162,57,944.9281822946882,4.544277496679041
jbehave-core,jbehave-core/src/test/java/org/jbehave/core/junit/JUnit4DescriptionGeneratorBehaviour.java,shouldGenerateDescriptionForPendingSteps,3,2,0,126,47,699.8781953113823,4.378285935443187
jbehave-core,jbehave-core/src/test/java/org/jbehave/core/junit/JUnit4DescriptionGeneratorBehaviour.java,shouldSkipExampleTablesForParameterizedGivenStories,3,2,0,165,63,986.2511873774863,4.745451697872926
jbehave-core,jbehave-core/src/test/java/org/jbehave/core/junit/JUnit4DescriptionGeneratorBehaviour.java,shouldCountBeforeScenarioStepWithAnyType,3,2,0,107,49,600.7739533203273,4.5416395856176965
jbehave-core,jbehave-core/src/test/java/org/jbehave/core/junit/JUnit4DescriptionGeneratorBehaviour.java,shouldCountBeforeScenarioStepWithNormalType,3,2,0,107,49,600.7739533203273,4.541639585617696
jbehave-core,jbehave-core/src/test/java/org/jbehave/core/junit/JUnit4DescriptionGeneratorBehaviour.java,shouldStripLinebreaksFromScenarioDescriptions,3,2,0,93,43,504.6426221872951,4.535434869521493
jbehave-core,jbehave-core/src/test/java/org/jbehave/core/steps/StepsBehaviour.java,shouldListStepsToBePerformedAfterStories,14,2,0,96,41,514.324992443336,4.542386434163951
jbehave-core,jbehave-core/src/test/java/org/jbehave/core/model/ExamplesTableBehaviour.java,shouldFailIfColumnDoesNotExist,2,2,0,40,24,183.39850002884629,4.234183719779188
jbehave-core,jbehave-core/src/test/java/org/jbehave/core/junit/JUnit4StoryRunnerBehaviour.java,canPrepareEmbedderWithRecommendedControls,2,1,0,97,28,466.31342743958754,4.085146272567225
jbehave-core,jbehave-core/src/test/java/org/jbehave/core/model/TablePropertiesBehaviour.java,cantGetMandatoryProperty,1,1,0,43,26,202.11890788006698,4.3935584301307795
jbehave-core,jbehave-core/src/test/java/org/jbehave/core/model/TablePropertiesBehaviour.java,canGetMandatoryLongProperty,1,1,0,35,22,156.0801066523054,4.261725074756386
jbehave-core,jbehave-core/src/test/java/org/jbehave/core/model/TablePropertiesBehaviour.java,canGetMandatoryIntProperty,1,1,0,35,22,156.0801066523054,4.261725074756386
jbehave-core,jbehave-core/src/test/java/org/jbehave/core/model/TablePropertiesBehaviour.java,canGetMandatoryDoubleProperty,1,1,0,30,21,131.76952268336282,4.186569246460625
jbehave-core,jbehave-core/src/test/java/org/jbehave/core/model/TablePropertiesBehaviour.java,canGetMandatoryBooleanProperty,1,1,0,34,21,149.33879237447786,4.19438848899739
jbehave-core,jbehave-core/src/test/java/org/jbehave/core/model/TablePropertiesBehaviour.java,canGetMandatoryNonBlankProperty,1,1,0,33,23,149.27754454988144,4.328950468617944
jbehave-core,jbehave-core/src/test/java/org/jbehave/core/model/TablePropertiesBehaviour.java,canGetMandatoryEnumProperty,1,1,0,32,21,140.55415752892034,4.1761085007312415
jbehave-core,jbehave-core/src/test/java/org/jbehave/core/junit/JUnit4StoryReporterBehaviour.java,shouldCopeWithDescriptionNamesWhenSimilarButForExtraCharacters,10,2,0,87,30,426.89948181794114,4.17816483696493
jbehave-core,jbehave-core/src/test/java/org/jbehave/core/junit/JUnit4StoryReporterBehaviour.java,shouldHandleFailedSteps,10,2,0,68,31,336.88534910630756,4.202357431550315
jbehave-core,jbehave-core/src/test/java/org/jbehave/core/junit/JUnit4StoryReporterBehaviour.java,shouldNotifyAboutBeforeAndAfterStories,10,2,0,161,48,899.1789626161062,4.521444291620273
jbehave-core,jbehave-core/src/test/java/org/jbehave/core/junit/JUnit4StoryReporterBehaviour.java,shouldNotifyAboutLifecycleScenarioSteps,10,2,0,101,34,513.8337469662844,4.185579029266024
jbehave-core,jbehave-core/src/test/java/org/jbehave/core/junit/JUnit4StoryReporterBehaviour.java,shouldNotifyGivenStory,10,2,0,88,35,451.37690549115706,4.348618768549273
jbehave-core,jbehave-core/src/test/java/org/jbehave/core/junit/JUnit4StoryReporterBehaviour.java,shouldHandleGivenStoryWithExample,10,2,0,75,32,375.0,4.23307515244586
jbehave-core,jbehave-core/src/test/java/org/jbehave/core/junit/JUnit4StoryReporterBehaviour.java,shouldFailForPendingStepsAtBothStepAndScenarioLevelsIfConfigurationSaysSo,10,2,0,135,48,753.9699375973562,4.639627342635149
jbehave-core,jbehave-core/src/test/java/org/jbehave/core/junit/JUnit4StoryReporterBehaviour.java,failureInBeforeStoriesShouldCountOnce,10,2,0,85,36,439.44362512259653,4.4629464036441915
jbehave-core,jbehave-core/src/test/java/org/jbehave/core/junit/JUnit4StoryReporterBehaviour.java,shouldNotifyAboutLifecycleStorySteps,10,2,0,223,52,1271.1980571454637,4.598262685016093
jbehave-core,jbehave-core/src/test/java/org/jbehave/core/junit/JUnit4StoryReporterBehaviour.java,shouldPrepareExampleStepsBeforeScenario,10,2,0,74,35,379.5669432539275,4.412808643999882
jbehave-core,jbehave-core/src/test/java/org/jbehave/core/junit/JUnit4StoryReporterBehaviour.java,shouldHandleExampleStepsInCombinationWithGivenStories,10,2,0,99,41,530.3976484571903,4.491160311877106
jbehave-core,jbehave-core/src/test/java/org/jbehave/core/model/ImmutableExamplesTableBehaviour.java,shouldThrowAnExceptionWhenAttempttingToModifyImmutableExamplesTable,1,1,0,112,38,587.7678815056815,4.275609999958622
jbehave-core,jbehave-core/src/test/java/org/jbehave/core/junit/TextManipulatorBehaviour.java,shouldEscapeDotWithOneDotLeader,2,1,0,24,18,100.07820003461549,4.001629167387823
jbehave-core,jbehave-core/src/test/java/org/jbehave/core/steps/StepsBehaviour.java,shouldListStepsToBePerformedBeforeStories,14,2,0,96,41,514.324992443336,4.542386434163951
jbehave-core,jbehave-core/src/test/java/org/jbehave/core/model/ExamplesTableFactoryBehaviour.java,shouldTestTransformersOrderForExamplesTableFromResourceInput,12,3,0,66,32,330.0,4.549198084690259
jbehave-core,jbehave-core/src/test/java/org/jbehave/core/steps/StepCreatorBehaviour.java,shouldFailToMatchParametersByDelimitedNameWhenNullParameterReplacedPartially,19,1,0,207,74,1285.3568466851927,5.18368677337316
jbehave-core,jbehave-core/src/test/java/org/jbehave/core/steps/StepCreatorBehaviour.java,shouldMatchParametersByNamedAnnotationsIfConfiguredToNotUseDelimiterNamedParameters,19,1,0,202,69,1233.9219402691904,5.20415328227091
jbehave-core,jbehave-core/src/test/java/org/jbehave/core/steps/StepsBehaviour.java,shouldListBeforeStoriesAccordingToTheirOrder,14,2,0,31,22,138.24238017775622,4.284683810317086
jbehave-core,jbehave-core/src/test/java/org/jbehave/core/steps/StepsBehaviour.java,shouldListAfterStoriesAccordingToTheirOrder,14,2,0,31,22,138.24238017775622,4.284683810317086
jbehave-core,jbehave-core/src/test/java/org/jbehave/core/steps/ParameterConvertersBehaviour.java,shouldUseSingleValueConverterForCollectionOfElements,1,1,0,132,46,729.1101781995258,4.841658222974237
jbehave-core,jbehave-core/src/test/java/org/jbehave/core/steps/ParameterConvertersBehaviour.java,shouldCheckIfWeCanConvertFromType,1,1,0,107,29,519.8039664786503,4.307905632071333
jbehave-core,jbehave-core/src/test/java/org/jbehave/core/steps/ParameterConvertersBehaviour.java,shouldConvertToOptionalViaChainOfConverters,1,1,0,119,42,641.6857733106725,4.744051761836442
jbehave-core,jbehave-core/src/test/java/org/jbehave/core/embedder/AllStepCandidatesBehaviour.java,shouldFailOnDuplicateCandidatesInClassAndCompositee,2,1,0,60,30,294.41343573651113,4.419006783043787
jbehave-core,jbehave-core/src/test/java/org/jbehave/core/embedder/AllStepCandidatesBehaviour.java,shouldFailOnDuplicateCandidatesInOneClass,2,1,0,39,24,178.81353752812512,4.261911271147027
jbehave-core,jbehave-core/src/test/java/org/jbehave/core/embedder/AllStepCandidatesBehaviour.java,shouldFailOnDuplicateCandidatesAcrossSeveralClassesAndParameters,2,1,0,47,25,218.26124091941205,4.20811624497244
jbehave-core,jbehave-core/src/test/java/org/jbehave/core/embedder/PerformableTreeBehaviour.java,shouldResetCurrentStoryControls,56,7,0,154,43,835.6447722241231,4.330718632625872
jbehave-core,jbehave-core/src/test/java/org/jbehave/core/steps/StepCandidateBehaviour.java,shouldCreateConditionalMatchedStep,3,3,0,250,59,1470.6607623404605,4.845774445566207
jbehave-core,jbehave-core/src/test/java/org/jbehave/core/steps/StepCandidateBehaviour.java,shouldReturnPendingInCaseOfStepConditionMatchException,3,3,0,97,41,519.6825444479541,4.746401184196883
jbehave-core,jbehave-core/src/test/java/org/jbehave/core/steps/StepCandidateBehaviour.java,shouldReturnPendingInCaseOfStepConditionMatchExceptionOnDoNotPerform,3,3,0,114,47,633.2231290912507,4.8179453838061255
jbehave-core,jbehave-core/src/test/java/org/jbehave/core/model/ExamplesTableBehaviour.java,shouldCreateEmptyTable,2,2,0,32,17,130.79881092001088,3.7290301730294653
jbehave-core,jbehave-core/src/test/java/org/jbehave/core/model/ExamplesTableBehaviour.java,shouldGetColumn,2,2,0,42,23,189.98960215439456,4.089244661988271
jbehave-core,jbehave-core/src/test/java/org/jbehave/core/model/ExamplesTableBehaviour.java,shouldFailToGetNamedRowFromTableWithDuplicateColumns,2,2,0,47,25,218.26124091941205,4.277652416975435
jbehave-core,jbehave-core/src/test/java/org/jbehave/core/embedder/StorySplitterBehaviour.java,testSplitStoriesWithStoryTableAndUsingCustomStoryIndexFormat,2,1,0,139,46,767.7751118919248,4.72678244166258
jbehave-core,jbehave-core/src/test/java/org/jbehave/core/embedder/PerformableTreeBehaviour.java,shouldPerformAfterHooksUponStoryExecutionTimeout,56,7,0,427,101,2843.0563031350166,5.160382891477417
jbehave-core,jbehave-core/src/test/java/org/jbehave/core/steps/StepCreatorBehaviour.java,shouldMatchParametersByDelimitedNameWithNoNamedAnnotationsAndWithStoryExampleVariable,19,1,0,187,73,1157.4971925105633,5.30114694967416
jbehave-core,jbehave-core/src/test/java/org/jbehave/core/junit/JUnit4StoryReporterBehaviour.java,shouldIgnorePendingStepsIfConfigurationSaysSo,10,2,0,67,34,340.8600103637728,4.419484430495676
ambrose,common/src/test/java/com/twitter/ambrose/service/impl/InMemoryStatsServiceTest.java,testGetAllEvents,3,2,0,79,38,414.58627356204323,4.800059387171138
ambrose,common/src/test/java/com/twitter/ambrose/service/impl/InMemoryStatsServiceTest.java,testGetEventsSince,3,2,0,122,46,673.8745586389556,4.955236083124328
ambrose,common/src/test/java/com/twitter/ambrose/model/DAGNodeTest.java,testRoundTrip,10,3,0,63,24,288.8526375454329,4.019767026159407
ambrose,common/src/test/java/com/twitter/ambrose/model/DAGNodeTest.java,testRoundTrip,10,3,0,71,29,344.91665065405766,4.4168518738757045
ambrose,common/src/test/java/com/twitter/ambrose/model/JobTest.java,testRoundTrip,6,2,0,31,18,129.26767504471167,3.9779168746936358
ambrose,common/src/test/java/com/twitter/ambrose/model/JobTest.java,testRoundTrip,6,2,0,56,32,280.0,4.6612690387114615
ambrose,common/src/test/java/com/twitter/ambrose/model/EventTest.java,testRoundTrip,5,1,0,87,28,418.23987821901153,4.046982819102292
ambrose,common/src/test/java/com/twitter/ambrose/model/EventTest.java,testRoundTrip,5,1,0,76,37,395.9184557878002,4.811080678232561
ambrose,common/src/test/java/com/twitter/ambrose/model/EventTest.java,testFromJson,5,1,0,94,50,530.5224818388241,4.914484526258946
javaanpr,src/test/java/net/sf/javaanpr/gui/ReportGeneratorTest.java,testInsertImage_Valid,1,1,0,75,37,390.70900242217124,4.794583604958591
javaanpr,src/test/java/net/sf/javaanpr/gui/ReportGeneratorTest.java,testSaveStreamToFile_Valid,1,1,0,65,35,333.4033961014228,4.737000505003307
javaanpr,src/test/java/net/sf/javaanpr/gui/ReportGeneratorTest.java,testSaveImage_InvalidInput,1,1,0,60,33,302.6636471615072,4.708985545926398
javaanpr,src/test/java/net/sf/javaanpr/gui/ReportGeneratorTest.java,testInsertImage_BadInput,1,1,0,80,39,422.8321775089799,4.863540164099148
javaanpr,src/test/java/net/sf/javaanpr/gui/ReportGeneratorTest.java,testInsertText_NullInput,1,1,0,36,25,167.17882283189007,4.416607904809984
javaanpr,src/test/java/net/sf/javaanpr/gui/ReportGeneratorTest.java,testInsertText_EmptyInput,1,1,0,36,25,167.17882283189007,4.416607904809984
javaanpr,src/test/java/net/sf/javaanpr/gui/ReportGeneratorTest.java,testSaveStreamToFile_InvalidInput,1,1,0,46,27,218.7248250995196,4.51563743482657
javaanpr,src/test/java/net/sf/javaanpr/gui/ReportGeneratorTest.java,testSaveStreamToFile_InvalidOutput,1,1,0,51,30,250.25142037603445,4.630047705525808
javaanpr,src/test/java/net/sf/javaanpr/gui/ReportGeneratorTest.java,testSaveImage_Valid,1,1,0,59,32,295.0,4.664434524261379
javaanpr,src/test/java/net/sf/javaanpr/imageanalysis/PhotoTest.java,cloneTest,2,1,0,83,27,394.6556626795679,4.0513798198350575
javaanpr,src/test/java/net/sf/javaanpr/recognizer/RecognizedCharTest.java,testPatternsCorrectlySortedAscending,8,3,0,83,33,418.68471190675166,4.284296801213736
javaanpr,src/test/java/net/sf/javaanpr/recognizer/RecognizedCharTest.java,testPatternsCorrectlySortedDescending,8,3,0,83,33,418.68471190675166,4.284296801213736
javaanpr,src/test/java/net/sf/javaanpr/recognizer/RecognizedCharTest.java,testGetPatternReturnsCorrectPatternWhenPatternsSorted,8,3,0,28,19,118.94197037642039,3.9641534765420037
javaanpr,src/test/java/net/sf/javaanpr/recognizer/PatternComparatorTest.java,testCompareAscendingFirstPatternSmallerReturnsMinusOne,2,1,0,49,28,235.5603911808226,4.517272343894446
javaanpr,src/test/java/net/sf/javaanpr/recognizer/PatternComparatorTest.java,testCompareAscendingFirstPatternLargerReturnsPlusOne,2,1,0,49,28,235.5603911808226,4.517272343894446
javaanpr,src/test/java/net/sf/javaanpr/recognizer/PatternComparatorTest.java,testCompareDescendingFirstPatternSmallerReturnsPlusOne,2,1,0,49,28,235.5603911808226,4.517272343894446
javaanpr,src/test/java/net/sf/javaanpr/recognizer/PatternComparatorTest.java,testCompareDescendingFirstPatternLargerReturnsMinusOne,2,1,0,49,28,235.5603911808226,4.517272343894446
javaanpr,src/test/java/net/sf/javaanpr/intelligence/RecognizedPlateTest.java,testCanAddAndGetChars,4,1,0,77,23,348.31427061639,3.7466259110111015
javaanpr,src/test/java/net/sf/javaanpr/intelligence/RecognizedPlateTest.java,testCanAddAndGetAllChars,4,1,0,88,30,431.80637241354964,4.133401595089689
javaanpr,src/test/java/net/sf/javaanpr/intelligence/RecognizedPlateTest.java,testCanGetStringFromChars,4,1,0,21,16,84.0,3.820888851350188
javaanpr,src/test/java/net/sf/javaanpr/configurator/ConfiguratorTest.java,testSetAndGetDoublePropertyWithValidDouble,3,1,0,31,20,133.97977094150824,4.106949132758152
javaanpr,src/test/java/net/sf/javaanpr/test/RecognitionIT.java,testSnapshot,19,3,0,59,34,300.16030763377006,4.824907931453929
nanohttpd,fileupload/src/test/java/org/nanohttpd/junit/fileupload/TestNanoFileUpLoad.java,testPostWithMultipartFormUpload1,2,1,0,69,37,359.45228222839756,4.695713682062746
nanohttpd,fileupload/src/test/java/org/nanohttpd/junit/fileupload/TestNanoFileUpLoad.java,testPostWithMultipartFormUpload2,2,1,0,69,37,359.45228222839756,4.695713682062746
nanohttpd,fileupload/src/test/java/org/nanohttpd/junit/fileupload/TestNanoFileUpLoad.java,testPostWithMultipartFormUpload3,2,1,0,69,37,359.45228222839756,4.695713682062746
nanohttpd,nanolets/src/test/java/org/nanohttpd/junit/router/TestNanolets.java,doExceptionRequest,1,1,0,65,34,330.6850846812721,4.6353681527450545
nanohttpd,core/src/test/java/org/nanohttpd/junit/protocols/http/CookieHandlerTest.java,testUnloadQueue,2,1,0,133,59,782.3915255651249,5.019962349788811
nanohttpd,core/src/test/java/org/nanohttpd/junit/protocols/http/CookieHandlerTest.java,testDelete,2,1,0,186,77,1165.6222965692518,5.259263171332379
nanohttpd,websocket/src/test/java/org/nanohttpd/junit/protocols/websockets/WebSocketResponseHandlerTest.java,testConnectionHeaderHandlesKeepAlive_FixingFirefoxConnectIssue,9,7,0,33,21,144.94647495169912,4.101381529092886
nanohttpd,websocket/src/test/java/org/nanohttpd/junit/protocols/websockets/WebSocketResponseHandlerTest.java,testHandshakeReturnsResponseWithExpectedHeaders,9,7,0,46,24,210.90827503317323,4.14741045803948
nanohttpd,websocket/src/test/java/org/nanohttpd/junit/protocols/websockets/WebSocketResponseHandlerTest.java,testMissingKeyReturnsErrorResponse,9,7,0,42,24,192.56842503028858,4.138245173658354
nanohttpd,websocket/src/test/java/org/nanohttpd/junit/protocols/websockets/WebSocketResponseHandlerTest.java,testWrongConnectionHeaderReturnsNullResponse,9,7,0,39,24,178.81353752812512,4.188712476986171
nanohttpd,websocket/src/test/java/org/nanohttpd/junit/protocols/websockets/WebSocketResponseHandlerTest.java,testWrongUpgradeHeaderReturnsNullResponse,9,7,0,39,24,178.81353752812512,4.188712476986171
nanohttpd,websocket/src/test/java/org/nanohttpd/junit/protocols/websockets/WebSocketResponseHandlerTest.java,testWrongWebsocketVersionReturnsErrorResponse,9,7,0,43,25,199.68581616031315,4.201356976491468
nanohttpd,core/src/test/java/org/nanohttpd/junit/protocols/http/HttpSessionHeadersTest.java,testHeadersRemoteIp,1,1,0,77,39,406.9759708523932,4.879643684195227
Git-Credential-Manager-for-Mac-and-Linux,src/test/java/com/microsoft/alm/authentication/WhereTest.java,app_simulateWindowsSuccess,2,1,0,113,46,624.1625010344425,4.948293621949065
Git-Credential-Manager-for-Mac-and-Linux,src/test/java/com/microsoft/alm/authentication/WhereTest.java,app_simulateWindowsFailure,2,1,0,97,44,529.5648670078178,4.941884426268193
Git-Credential-Manager-for-Mac-and-Linux,src/test/java/com/microsoft/alm/authentication/WhereTest.java,app_simulateNixSuccess,2,1,0,115,47,638.7777179429283,4.966773803243047
Git-Credential-Manager-for-Mac-and-Linux,src/test/java/com/microsoft/alm/authentication/WhereTest.java,app_simulateNixFailure,2,1,0,99,45,543.6934565366378,4.962988278723921
Git-Credential-Manager-for-Mac-and-Linux,src/test/java/com/microsoft/alm/authentication/AzureAuthorityTest.java,createTokenRequest_typical,2,1,0,85,39,449.25918860329114,4.756220278549217
Git-Credential-Manager-for-Mac-and-Linux,src/test/java/com/microsoft/alm/authentication/AzureAuthorityTest.java,createAuthorizationEndpointUri_typical,2,1,0,56,35,287.2398489489181,4.818353529463781
Git-Credential-Manager-for-Mac-and-Linux,src/test/java/com/microsoft/alm/authentication/AzureAuthorityTest.java,createAuthorizationEndpointUri_extraState,2,1,0,56,35,287.2398489489181,4.818353529463781
Git-Credential-Manager-for-Mac-and-Linux,src/test/java/com/microsoft/alm/gitcredentialmanager/ProgramTest.java,isValidGitVersion_happy,6,1,0,35,17,143.0611994437619,3.724675603838389
Git-Credential-Manager-for-Mac-and-Linux,src/test/java/com/microsoft/alm/gitcredentialmanager/ProgramTest.java,isValidGitVersion_badVersion,6,1,0,21,16,84.0,3.784941827437642
Git-Credential-Manager-for-Mac-and-Linux,src/test/java/com/microsoft/alm/gitcredentialmanager/ProgramTest.java,isValidGitVersion_noResponse,6,1,0,21,16,84.0,3.784941827437642
Git-Credential-Manager-for-Mac-and-Linux,src/test/java/com/microsoft/alm/gitcredentialmanager/ProgramTest.java,isValidGitVersion_noGitFound,6,1,0,21,16,84.0,3.784941827437642
Git-Credential-Manager-for-Mac-and-Linux,src/test/java/com/microsoft/alm/gitcredentialmanager/ProgramTest.java,checkOsRequirements_macOsHappy,6,1,0,157,26,737.9690357481516,3.6860790222595385
Git-Credential-Manager-for-Mac-and-Linux,src/test/java/com/microsoft/alm/gitcredentialmanager/ProgramTest.java,checkOsRequirements_macOsBadVersion,6,1,0,97,22,432.56486700781784,3.714887349238622
Git-Credential-Manager-for-Mac-and-Linux,src/test/java/com/microsoft/alm/gitcredentialmanager/ProgramTest.java,checkOsRequirements_linuxOsHappy,6,1,0,22,17,89.92418250750748,3.8796640049025926
Git-Credential-Manager-for-Mac-and-Linux,src/test/java/com/microsoft/alm/gitcredentialmanager/ProgramTest.java,checkGitRequirements,7,1,0,66,36,341.2150500951926,4.900064006701934
Git-Credential-Manager-for-Mac-and-Linux,src/test/java/com/microsoft/alm/gitcredentialmanager/ProgramTest.java,configureGit_perUserWithOpenJdkOnFedoraLinux,7,1,0,107,48,597.5909875771638,5.016092241728266
Git-Credential-Manager-for-Mac-and-Linux,src/test/java/com/microsoft/alm/gitcredentialmanager/ProgramTest.java,configureGit_allUsersDebugWithOracleJdkOnMac,7,1,0,107,48,597.5909875771638,5.016092241728265
Git-Credential-Manager-for-Mac-and-Linux,src/test/java/com/microsoft/alm/gitcredentialmanager/InsecureStoreTest.java,delete_noMatchingTokenOrCredential,3,3,0,22,17,89.92418250750748,3.9705730958116843
Git-Credential-Manager-for-Mac-and-Linux,src/test/java/com/microsoft/alm/gitcredentialmanager/InsecureStoreTest.java,serialization_instanceToXmlToInstance,3,3,0,32,18,133.437600046154,3.902518266288633
Git-Credential-Manager-for-Mac-and-Linux,src/test/java/com/microsoft/alm/authentication/AzureAuthorityTest.java,deviceFlow_success,2,1,0,299,75,1862.4167884582682,5.347228528132183
Git-Credential-Manager-for-Mac-and-Linux,src/test/java/com/microsoft/alm/authentication/AzureAuthorityTest.java,deviceFlow_failure,2,1,0,269,73,1665.0628063387248,5.363775519131344
Git-Credential-Manager-for-Mac-and-Linux,src/test/java/com/microsoft/alm/authentication/VsoAadAuthenticationTest.java,ctor_DefaultAuthorityHost,1,1,0,65,33,327.8856177582995,4.694972813990087
Git-Credential-Manager-for-Mac-and-Linux,src/test/java/com/microsoft/alm/gitcredentialmanager/InsecureStoreTest.java,fromXml,3,3,0,120,52,684.0527661769311,5.014994882429667
Git-Credential-Manager-for-Mac-and-Linux,src/test/java/com/microsoft/alm/gitcredentialmanager/InsecureStoreTest.java,migrateAndDisable_withBackingFile,3,3,0,124,43,672.8568295830602,4.62878711194812
swagger-core,modules/swagger-models/src/test/java/io/swagger/test/SimpleBuilderTest.java,testBuilder,103,21,0,381,119,2626.9255678203267,4.955550037647976
swagger-core,modules/swagger-jaxrs2/src/test/java/io/swagger/v3/jaxrs2/annotations/operations/AnnotatedOperationMethodTest.java,testCompleteUserResource,182,3,0,417,123,2895.028548726463,4.455139801826034
swagger-core,modules/swagger-jaxrs2/src/test/java/io/swagger/v3/jaxrs2/annotations/operations/AnnotatedOperationMethodTest.java,testSimpleUserResource,182,3,0,257,76,1605.7173709550016,4.205837212838038
swagger-core,modules/swagger-jaxrs2/src/test/java/io/swagger/v3/jaxrs2/annotations/requests/RequestBodyTest.java,oneRequestBodyMultipleParameters,216,2,0,407,119,2806.1908296663332,4.457206699556542
swagger-core,modules/swagger-jaxrs2/src/test/java/io/swagger/v3/jaxrs2/ReaderTest.java,testSetOfClasses,6,3,0,143,49,802.9035077084748,4.717947774457034
swagger-core,modules/swagger-jaxrs2/src/test/java/io/swagger/v3/jaxrs2/ReaderTest.java,testGetTags,6,3,0,119,40,633.3094432915962,4.3199564230129575
swagger-core,modules/swagger-jaxrs2/src/test/java/io/swagger/v3/jaxrs2/ReaderTest.java,testGetExternalDocs,6,3,0,104,38,545.7844613981329,4.4134647439972605
swagger-core,modules/swagger-core/src/test/java/io/swagger/v3/core/converting/PojoTest.java,testModelWithTitle,1,1,0,33,24,151.30376252379818,4.3666811503705665
swagger-core,modules/swagger-core/src/test/java/io/swagger/v3/core/converting/PojoTest.java,testModelNameOverride,1,1,0,35,25,162.53496664211536,4.44356873123068
swagger-core,modules/swagger-core/src/test/java/io/swagger/v3/core/converting/PojoTest.java,testModelWithSpecificFormat,1,1,0,39,27,185.4406125843753,4.477459270033353
swagger-core,modules/swagger-core/src/test/java/io/swagger/v3/core/converting/PojoTest.java,testExcludeSchema,1,1,0,90,46,497.1205760451312,4.944250735050294
swagger-core,modules/swagger-jaxrs2/src/test/java/io/swagger/v3/jaxrs2/ReaderTest.java,testSecurityRequirement,6,3,0,140,54,805.6842503028856,4.83185199176929
swagger-core,modules/swagger-jaxrs2/src/test/java/io/swagger/v3/jaxrs2/ReaderTest.java,testScanMethods,6,3,0,61,33,307.70804128086564,4.66050875632741
swagger-core,modules/swagger-jaxrs2/src/test/java/io/swagger/v3/jaxrs2/annotations/requests/RequestBodyTest.java,testRequestBodyAnnotationPriority,216,2,0,359,53,2056.323443188189,4.456888916050659
swagger-core,modules/swagger-jaxrs2/src/test/java/io/swagger/v3/jaxrs2/ReaderTest.java,testGetResponses,6,3,0,108,48,603.175950077885,4.7488861619969285
swagger-core,modules/swagger-core/src/test/java/io/swagger/v3/core/converting/ModelConverterTest.java,overrideInheritedModelName,6,3,0,95,35,487.2818866097718,4.484682255668208
swagger-core,modules/swagger-core/src/test/java/io/swagger/v3/core/converting/PojoTest.java,testModelWithMultipleRepresentations,1,1,0,155,59,911.8096726510854,4.947414271053888
swagger-core,modules/swagger-core/src/test/java/io/swagger/v3/core/resolving/InheritedBeanTest.java,testComposedUberObject,7,4,0,109,40,580.0901623427226,4.471483823698271
swagger-core,modules/swagger-core/src/test/java/io/swagger/v3/core/converting/ModelConverterTest.java,processModelWithPairProperties,6,3,0,289,68,1759.2767611213483,4.868274273396461
swagger-core,modules/swagger-jaxrs2/src/test/java/io/swagger/v3/jaxrs2/ReaderTest.java,testExtensions,6,3,0,45,24,206.32331253245206,4.2660473305801165
swagger-core,modules/swagger-jaxrs2/src/test/java/io/swagger/v3/jaxrs2/PetResourceTest.java,testSetOfClasses,2,1,0,59,33,297.6192530421487,4.595726934345951
swagger-core,modules/swagger-jaxrs2/src/test/java/io/swagger/v3/jaxrs2/annotations/encoding/EncodingTest.java,testSimpleGetOperationWithoutResponses,3,1,0,71,37,369.87118895965546,4.778140387318004
swagger-core,modules/swagger-jaxrs2/src/test/java/io/swagger/v3/jaxrs2/annotations/operations/AnnotatedOperationMethodTest.java,testSimpleGetOperationWithoutResponses,182,3,0,73,38,383.0987084813817,4.793750545205565
swagger-core,modules/swagger-jaxrs2/src/test/java/io/swagger/v3/jaxrs2/annotations/operations/AnnotatedOperationMethodTest.java,testHiddenAnnotatedUserResource,182,3,0,88,50,496.6593447001757,4.717035616927845
swagger-core,modules/swagger-core/src/test/java/io/swagger/v3/core/converting/ModelConverterTest.java,checkStringTypesHandling,6,3,0,80,42,431.38539382230084,4.869702276078294
swagger-core,modules/swagger-core/src/test/java/io/swagger/v3/core/converting/PojoTest.java,testModelPropertyImplExampleJson,1,1,0,49,30,240.4376391848174,4.429939480747652
swagger-core,modules/swagger-core/src/test/java/io/swagger/v3/core/converting/PojoTest.java,testModelPropertyExampleJson,1,1,0,57,32,285.0,4.383708278478288
swagger-core,modules/swagger-core/src/test/java/io/swagger/v3/core/resolving/ATMTest.java,testATMModel,1,1,0,47,26,220.92066675263135,4.4074367886799
swagger-core,modules/swagger-core/src/test/java/io/swagger/v3/core/resolving/ComplexPropertyTest.java,testOuterBean,1,1,0,44,25,204.32967235008786,4.373648947936903
swagger-core,modules/swagger-core/src/test/java/io/swagger/v3/core/resolving/ContainerTest.java,testComplexMap,1,1,0,162,52,923.471234338857,4.8397527243379255
swagger-core,modules/swagger-core/src/test/java/io/swagger/v3/core/resolving/ContainerTest.java,testArray,1,1,0,110,44,600.5374780501027,4.755873617363332
swagger-core,modules/swagger-core/src/test/java/io/swagger/v3/core/resolving/ContainerTest.java,testMap,1,1,0,117,45,642.546812270572,4.74962623747401
swagger-core,modules/swagger-core/src/test/java/io/swagger/v3/core/resolving/EnumTest.java,testEnum,5,2,0,192,48,1072.312800138462,4.809613423509392
swagger-core,modules/swagger-core/src/test/java/io/swagger/v3/core/resolving/InheritedBeanTest.java,testInheritedBean,7,4,0,120,45,659.022371559561,4.532770837610441
swagger-core,modules/swagger-core/src/test/java/io/swagger/v3/core/resolving/InheritedBeanTest.java,testInheritedChildBean,7,4,0,94,39,496.82780857305136,4.521949138015547
swagger-core,modules/swagger-core/src/test/java/io/swagger/v3/core/resolving/InheritedBeanTest.java,testComposedChildBean,7,4,0,94,39,496.82780857305136,4.521949138015547
swagger-core,modules/swagger-core/src/test/java/io/swagger/v3/core/resolving/InheritedBeanTest.java,testHierarchy,7,4,0,178,48,994.123325128366,4.512692570027919
swagger-core,modules/swagger-core/src/test/java/io/swagger/v3/core/resolving/InheritedBeanTest.java,testMultipleInheritedBean,7,4,0,153,43,830.218507469421,4.51240567151648
swagger-core,modules/swagger-core/src/test/java/io/swagger/v3/core/resolving/InheritedBeanTest.java,testMultipleInheritedChildBean,7,4,0,212,46,1170.9951346840867,4.506068674929915
swagger-core,modules/swagger-core/src/test/java/io/swagger/v3/core/resolving/JodaTest.java,testSimple,1,1,0,147,56,853.6811735424678,5.02755266531154
swagger-core,modules/swagger-core/src/test/java/io/swagger/v3/core/resolving/RequiredFieldModelTest.java,testApiModelPropertyFirstPosition,4,1,0,70,34,356.1223988875238,4.527297795696145
swagger-core,modules/swagger-core/src/test/java/io/swagger/v3/core/resolving/RequiredFieldModelTest.java,testApiModelPropertySecondPosition,4,1,0,70,34,356.1223988875238,4.5272977956961435
swagger-core,modules/swagger-core/src/test/java/io/swagger/v3/core/resolving/SimpleGenerationTest.java,testSimple,1,1,0,243,64,1458.0,4.784785859453404
swagger-core,modules/swagger-core/src/test/java/io/swagger/v3/core/resolving/SimpleGenerationTest.java,testOrdering,1,1,0,58,36,299.8556500836541,4.851696030013774
swagger-core,modules/swagger-core/src/test/java/io/swagger/v3/core/resolving/SimpleGenerationTest.java,testTheCountBean,1,1,0,74,37,385.4995490565423,4.671234645144793
swagger-core,modules/swagger-core/src/test/java/io/swagger/v3/core/resolving/SimpleGenerationTest.java,testStringDateMap,1,1,0,74,37,385.4995490565423,4.671234645144793
swagger-core,modules/swagger-core/src/test/java/io/swagger/v3/core/resolving/SimpleGenerationTest.java,testIntArray,1,1,0,82,39,433.4029819467044,4.6830876654489115
swagger-core,modules/swagger-core/src/test/java/io/swagger/v3/core/resolving/SimpleGenerationTest.java,testComplex,1,1,0,49,31,242.75561920895692,4.626824702144459
swagger-core,modules/swagger-core/src/test/java/io/swagger/v3/core/resolving/XMLInfoTest.java,testSimple,3,1,0,143,46,789.8693597161529,4.6494856275939975
swagger-core,modules/swagger-core/src/test/java/io/swagger/v3/core/resolving/XMLInfoTest.java,testReadingXmlAccessorTypeNone,3,1,0,131,42,706.3935823840177,4.388999525615786
swagger-core,modules/swagger-core/src/test/java/io/swagger/v3/core/resolving/XMLInfoTest.java,testReadingXmlAccessorTypePublic,3,1,0,114,41,610.7609285264615,4.573532057317822
swagger-core,modules/swagger-jaxrs2/src/test/java/io/swagger/v3/jaxrs2/annotations/operations/AnnotatedOperationMethodTest.java,testGenericResponseResource,182,3,0,105,50,592.6048999263461,4.360514219551978
swagger-core,modules/swagger-jaxrs2/src/test/java/io/swagger/v3/jaxrs2/annotations/operations/AnnotatedOperationMethodTest.java,testCompletePetResource,182,3,0,528,133,3725.1891259446284,4.511654359362685
swagger-core,modules/swagger-jaxrs2/src/test/java/io/swagger/v3/jaxrs2/it/OpenApiResourceIT.java,testSwaggerJson,1,1,0,74,37,385.4995490565423,4.145796301366406
swagger-core,modules/swagger-jaxrs2/src/test/java/io/swagger/v3/jaxrs2/it/OpenApiResourceIT.java,testSwaggerYaml,1,1,0,72,36,372.23460010384645,4.123897477976257
swagger-core,modules/swagger-jaxrs2/src/test/java/io/swagger/v3/jaxrs2/it/OpenApiResourceIT.java,testSwaggerYamlUsingAcceptHeader,1,1,0,76,37,395.9184557878002,4.136893804262702
swagger-core,modules/swagger-core/src/test/java/io/swagger/v3/core/resolving/ComposedSchemaTest.java,readArrayComposedSchema_ticket2616,16,1,0,159,43,862.7760959976335,4.440999988963446
swagger-core,modules/swagger-jaxrs2/src/test/java/io/swagger/v3/jaxrs2/ReaderTest.java,testModelResolverXMLPropertiesName,6,3,0,116,39,613.1066573880208,4.273530370522499
swagger-core,modules/swagger-jaxrs2/src/test/java/io/swagger/v3/jaxrs2/annotations/security/SecurityTest.java,testSecuritySheme,8,1,0,70,38,367.35492594105096,4.786236324540042
swagger-core,modules/swagger-jaxrs2/src/test/java/io/swagger/v3/jaxrs2/annotations/security/SecurityTest.java,testSecurityRequirement,8,1,0,111,49,623.2327926967881,4.204344539220055
swagger-core,modules/swagger-jaxrs2/src/test/java/io/swagger/v3/jaxrs2/annotations/security/SecurityTest.java,testMultipleSecurityShemes,8,1,0,78,41,417.88905636021053,4.803483503590477
swagger-core,modules/swagger-jaxrs2/src/test/java/io/swagger/v3/jaxrs2/ReaderTest.java,testMaintainPropertyNames,6,3,0,53,31,262.5724044505044,4.52700082264349
swagger-core,modules/swagger-jaxrs2/src/test/java/io/swagger/v3/jaxrs2/ReaderTest.java,testSimpleReadClass,6,3,0,96,40,510.90509710918684,4.557240908506506
swagger-core,modules/swagger-jaxrs2/src/test/java/io/swagger/v3/jaxrs2/ReaderTest.java,testCompleteReadClass,6,3,0,155,52,883.5681563118693,4.597307935659567
swagger-core,modules/swagger-jaxrs2/src/test/java/io/swagger/v3/jaxrs2/ReaderTest.java,testGetSummaryAndDescription,6,3,0,65,33,327.8856177582995,4.558165300970393
swagger-core,modules/swagger-jaxrs2/src/test/java/io/swagger/v3/jaxrs2/ReaderTest.java,testResolveDuplicatedOperationId,6,3,0,125,35,641.1603771181208,4.327055945030188
swagger-core,modules/swagger-jaxrs2/src/test/java/io/swagger/v3/jaxrs2/ReaderTest.java,testResolveDuplicatedOperationIdMethodName,6,3,0,184,40,979.2347694592747,4.359756918905304
swagger-core,modules/swagger-jaxrs2/src/test/java/io/swagger/v3/jaxrs2/ReaderTest.java,testDeprecatedMethod,6,3,0,56,30,274.78587335407707,4.505678975815085
swagger-core,modules/swagger-jaxrs2/src/test/java/io/swagger/v3/jaxrs2/ReaderTest.java,testGetServers,6,3,0,217,48,1211.936862656491,4.1362299951630614
swagger-core,modules/swagger-jaxrs2/src/test/java/io/swagger/v3/jaxrs2/ReaderTest.java,testMoreResponses,6,3,0,102,52,581.4448512503915,4.759228171724537
swagger-core,modules/swagger-jaxrs2/src/test/java/io/swagger/v3/jaxrs2/ReaderTest.java,testGetResponsesWithComposition,6,3,0,292,91,1900.2760349380194,4.560654391271895
swagger-core,modules/swagger-jaxrs2/src/test/java/io/swagger/v3/jaxrs2/ReaderTest.java,testGetCallbacks,6,3,0,151,51,856.5362266376959,4.799026703540499
swagger-core,modules/swagger-jaxrs2/src/test/java/io/swagger/v3/jaxrs2/ReaderTest.java,testSubscriptionIdParam,6,3,0,209,62,1244.427028870857,4.710116602153468
swagger-core,modules/swagger-jaxrs2/src/test/java/io/swagger/v3/jaxrs2/ReaderTest.java,test2497,6,3,0,139,52,792.3611208216118,4.618217858736429
swagger-core,modules/swagger-jaxrs2/src/test/java/io/swagger/v3/jaxrs2/ReaderTest.java,testResourceWithSubresources,6,3,0,239,53,1368.9729886406046,4.434314410382156
swagger-core,modules/swagger-jaxrs2/src/test/java/io/swagger/v3/jaxrs2/ReaderTest.java,testAnotherResourceWithSubresources,6,3,0,352,56,2044.188932564277,4.264011151986304
swagger-core,modules/swagger-jaxrs2/src/test/java/io/swagger/v3/jaxrs2/ReaderTest.java,testUserAnnotation,6,3,0,142,51,805.4843985599524,4.570837663352041
swagger-core,modules/swagger-jaxrs2/src/test/java/io/swagger/v3/jaxrs2/ReaderTest.java,testResourceWithClassBasedSubresources,6,3,0,291,51,1650.6757745137054,4.289394070464673
swagger-core,modules/swagger-jaxrs2/src/test/java/io/swagger/v3/jaxrs2/ReaderTest.java,test2607,6,3,0,211,50,1190.8536560424668,4.394113444636609
swagger-core,modules/swagger-jaxrs2/src/test/java/io/swagger/v3/jaxrs2/ReaderTest.java,test2646,6,3,0,136,44,742.4827001346724,4.455204703301555
swagger-core,modules/swagger-jaxrs2/src/test/java/io/swagger/v3/jaxrs2/ReaderTest.java,test2644,6,3,0,93,41,498.2523364294818,4.56694203309975
swagger-core,modules/swagger-jaxrs2/src/test/java/io/swagger/v3/jaxrs2/ReaderTest.java,testSubResourceHasTheRightApiPath,6,3,0,122,32,610.0,4.146693041806214
swagger-core,modules/swagger-jaxrs2/src/test/java/io/swagger/v3/jaxrs2/ReaderTest.java,testTicket2763,6,3,0,86,41,460.7494723971552,4.652970238599257
swagger-core,modules/swagger-jaxrs2/src/test/java/io/swagger/v3/jaxrs2/ReaderTest.java,testTicket2806,6,3,0,102,55,589.6986907795153,4.8180517011363015
swagger-core,modules/swagger-jaxrs2/src/test/java/io/swagger/v3/jaxrs2/ReaderTest.java,testTicket2794,6,3,0,146,60,862.4060269588438,4.6190520077988255
swagger-core,modules/swagger-jaxrs2/src/test/java/io/swagger/v3/jaxrs2/ReaderTest.java,testTicket2793,6,3,0,78,43,423.2486508667636,4.775767208506528
swagger-core,modules/swagger-jaxrs2/src/test/java/io/swagger/v3/jaxrs2/ReaderTest.java,test2818,6,3,0,109,41,583.9731685033711,4.5190185405504915
swagger-core,modules/swagger-jaxrs2/src/test/java/io/swagger/v3/jaxrs2/ReaderTest.java,testResponseWithRef,6,3,0,151,67,915.9794677591236,5.036037981385922
swagger-core,modules/swagger-jaxrs2/src/test/java/io/swagger/v3/jaxrs2/ReaderTest.java,testResponseWithFilter,6,3,0,177,74,1099.0732457163244,5.181420901272286
swagger-core,modules/swagger-jaxrs2/src/test/java/io/swagger/v3/jaxrs2/ReaderTest.java,testTicket2848,6,3,0,92,50,519.2347694592746,4.802868885146167
swagger-core,modules/swagger-jaxrs2/src/test/java/io/swagger/v3/jaxrs2/ReaderTest.java,testRequestBodyWithRef,6,3,0,173,74,1074.2354322538085,5.005571532923068
swagger-core,modules/swagger-jaxrs2/src/test/java/io/swagger/v3/jaxrs2/ReaderTest.java,testRequestBodyWithFilter,6,3,0,193,80,1220.1321223132609,5.153935629781274
swagger-core,modules/swagger-jaxrs2/src/test/java/io/swagger/v3/jaxrs2/ReaderTest.java,testParameterWithRef,6,3,0,158,72,974.8481502278853,5.138377121939095
swagger-core,modules/swagger-jaxrs2/src/test/java/io/swagger/v3/jaxrs2/ReaderTest.java,testParameterWithFilter,6,3,0,184,79,1159.895657664587,5.25796421114695
swagger-core,modules/swagger-jaxrs2/src/test/java/io/swagger/v3/jaxrs2/ReaderTest.java,testCallbackWithRef,6,3,0,126,57,734.9441417847576,5.0108609988465345
swagger-core,modules/swagger-jaxrs2/src/test/java/io/swagger/v3/jaxrs2/ReaderTest.java,testExampleWithRef,6,3,0,189,87,1217.7163207154097,5.167423703332118
swagger-core,modules/swagger-jaxrs2/src/test/java/io/swagger/v3/jaxrs2/ReaderTest.java,testExampleWithFilter,6,3,0,187,81,1185.551950539425,5.258370240228484
swagger-core,modules/swagger-jaxrs2/src/test/java/io/swagger/v3/jaxrs2/ReaderTest.java,testHeaderWithRef,6,3,0,129,59,758.8609533676776,5.01412982258905
swagger-core,modules/swagger-jaxrs2/src/test/java/io/swagger/v3/jaxrs2/ReaderTest.java,testSecuritySchemeWithRef,6,3,0,169,75,1052.6703586938038,5.166120276000454
swagger-core,modules/swagger-jaxrs2/src/test/java/io/swagger/v3/jaxrs2/ReaderTest.java,testLinkWithRef,6,3,0,145,67,879.582932616377,5.0813242090266515
swagger-core,modules/swagger-gradle-plugin/src/test/java/io/swagger/v3/plugins/gradle/SwaggerResolveTest.java,testSwaggerResolveTask,242,63,0,260,106,1749.2593181864318,5.321787917753372
swagger-core,modules/swagger-jaxrs2/src/test/java/io/swagger/v3/jaxrs2/annotations/examples/ExamplesTest.java,testFullExample,9,1,0,235,109,1590.5233163225776,4.978706400734777
swagger-core,modules/swagger-jaxrs2/src/test/java/io/swagger/v3/jaxrs2/JsonViewTest.java,shouldSerializeTypeParameter,36,3,0,685,68,4169.912046256483,4.255174759597041
swagger-core,modules/swagger-core/src/test/java/io/swagger/v3/core/resolving/ModelWithRangesTest.java,modelWithRangesTest,4,1,0,354,69,2162.4176576994723,4.72072331120812
swagger-core,modules/swagger-jaxrs2/src/test/java/io/swagger/v3/jaxrs2/annotations/parameters/ParametersTest.java,testJacksonFeatures,2,1,0,86,46,475.0263282209031,4.736695348785744
swagger-core,modules/swagger-core/src/test/java/io/swagger/v3/core/deserialization/properties/MapPropertyDeserializerTest.java,testBooleanAdditionalPropertiesDeserialization,27,3,0,162,41,867.9234247481296,4.408661336253608
swagger-core,modules/swagger-core/src/test/java/io/swagger/v3/core/resolving/ComposedSchemaTest.java,readBilateralComposedSchema_ticket2620,16,1,0,395,47,2194.062596412667,4.268573970187731
swagger-core,modules/swagger-core/src/test/java/io/swagger/v3/core/resolving/Ticket3197Test.java,testTicket3197,3,1,0,129,57,752.4428118272517,4.651933189835314
swagger-core,modules/swagger-core/src/test/java/io/swagger/v3/core/resolving/Ticket3197Test.java,testTicket3197AsSibling,3,1,0,161,61,954.8487113476248,4.899827877435335
swagger-core,modules/swagger-jaxrs2/src/test/java/io/swagger/v3/jaxrs2/ReaderTest.java,testTicket2340,6,3,0,134,65,806.9972869458129,4.766440389386959
swagger-core,modules/swagger-core/src/test/java/io/swagger/v3/core/deserialization/JsonDeserializationTest.java,testDeserializeRefCallback,1,1,0,100,51,567.2425341971496,4.820541052768008
swagger-core,modules/swagger-core/src/test/java/io/swagger/v3/core/deserialization/properties/MapPropertyDeserializerTest.java,testIssue1261InlineSchemaExample,27,3,0,110,55,635.9495684877126,5.022270706186535
swagger-core,modules/swagger-jaxrs2/src/test/java/io/swagger/v3/jaxrs2/ContainerTypeSchemaTicket2636Test.java,testContainerTypeSchemaTicket2636,1,1,0,69,43,374.41226807444474,4.4267983695708075
swagger-core,modules/swagger-jaxrs2/src/test/java/io/swagger/v3/jaxrs2/ReaderTest.java,testTicket3015,6,3,0,223,70,1366.8301127787277,4.742453788244525
swagger-core,modules/swagger-jaxrs2/src/test/java/io/swagger/v3/jaxrs2/annotations/callbacks/CallbackTest.java,simpleCallbacksWithOneCallbackTest,1,1,0,71,37,369.87118895965546,4.778140387318004
swagger-core,modules/swagger-jaxrs2/src/test/java/io/swagger/v3/jaxrs2/annotations/callbacks/CallbackTest.java,simpleCallbacksWithOneCallbackWithOperationTest,1,1,0,93,48,519.4015125670676,4.88222654507919
swagger-core,modules/swagger-jaxrs2/src/test/java/io/swagger/v3/jaxrs2/annotations/callbacks/CallbackTest.java,simpleCallbacksWithMultipleCallbackWithOperationTest,1,1,0,97,50,547.4540504081483,4.892461874521067
swagger-core,modules/swagger-jaxrs2/src/test/java/io/swagger/v3/jaxrs2/annotations/callbacks/CallbackTest.java,callbackCallbacksAnnotationTest,1,1,0,101,52,575.7444115322504,4.901518383993717
swagger-core,modules/swagger-jaxrs2/src/test/java/io/swagger/v3/jaxrs2/annotations/callbacks/CallbackTest.java,repeatableCallbackCallbacksAnnotationTest,1,1,0,101,52,575.7444115322504,4.901518383993718
swagger-core,modules/swagger-jaxrs2/src/test/java/io/swagger/v3/jaxrs2/annotations/callbacks/CallbackTest.java,testSimpleCallback,1,1,0,171,84,1093.086279295168,4.966700610192022
swagger-core,modules/swagger-jaxrs2/src/test/java/io/swagger/v3/jaxrs2/annotations/encoding/EncodingTest.java,testGetOperationWithEncodingInParameter,3,1,0,93,48,519.4015125670676,4.88222654507919
swagger-core,modules/swagger-jaxrs2/src/test/java/io/swagger/v3/jaxrs2/annotations/encoding/EncodingTest.java,testGetOperationWithEncodingArrayInParameter,3,1,0,109,54,627.2827377358182,4.88042248492676
swagger-core,modules/swagger-jaxrs2/src/test/java/io/swagger/v3/jaxrs2/annotations/encoding/EncodingTest.java,testGetOperationWithEncodingInRequestBody,3,1,0,91,47,505.46758550266503,4.876555870844677
swagger-core,modules/swagger-jaxrs2/src/test/java/io/swagger/v3/jaxrs2/annotations/encoding/EncodingTest.java,testSimpleGetOperation,3,1,0,67,35,343.66196213531276,4.739315265240143
swagger-core,modules/swagger-jaxrs2/src/test/java/io/swagger/v3/jaxrs2/annotations/encoding/EncodingTest.java,testSimpleGetOperationWithEncodingInApiResponse,3,1,0,87,45,477.7912193806817,4.863816162684887
swagger-core,modules/swagger-jaxrs2/src/test/java/io/swagger/v3/jaxrs2/annotations/operations/AnnotatedOperationMethodTest.java,testSimpleGetOperation,182,3,0,69,36,356.72482509951953,4.7601829721454525
swagger-core,modules/swagger-jaxrs2/src/test/java/io/swagger/v3/jaxrs2/annotations/operations/AnnotatedOperationMethodTest.java,testSimpleGetOperationWithSecurity,182,3,0,73,38,383.0987084813817,4.793750545205567
swagger-core,modules/swagger-jaxrs2/src/test/java/io/swagger/v3/jaxrs2/annotations/operations/AnnotatedOperationMethodTest.java,testSimpleGetOperationWithMultipleSecurity,182,3,0,75,39,396.40516641466866,4.807440571374181
swagger-core,modules/swagger-jaxrs2/src/test/java/io/swagger/v3/jaxrs2/annotations/operations/AnnotatedOperationMethodTest.java,testOperationWithResponseSingleHeader,182,3,0,70,38,367.35492594105096,4.70657359135642
swagger-core,modules/swagger-jaxrs2/src/test/java/io/swagger/v3/jaxrs2/annotations/operations/AnnotatedOperationMethodTest.java,testSimpleGetOperationWithMultipleSecurityAnnotations,182,3,0,81,42,436.7777112450796,4.839975998920569
swagger-core,modules/swagger-jaxrs2/src/test/java/io/swagger/v3/jaxrs2/annotations/operations/AnnotatedOperationMethodTest.java,testOperationWithResponseExamples,182,3,0,90,45,494.2667786696707,4.853787296716113
swagger-core,modules/swagger-jaxrs2/src/test/java/io/swagger/v3/jaxrs2/annotations/operations/AnnotatedOperationMethodTest.java,testOperationWithParameterExample,182,3,0,102,51,578.5873848810926,4.892685953978938
swagger-core,modules/swagger-jaxrs2/src/test/java/io/swagger/v3/jaxrs2/annotations/operations/AnnotatedOperationMethodTest.java,testOperationWithResponseMultipleHeaders,182,3,0,80,41,428.60416036944673,4.690145676370789
swagger-core,modules/swagger-jaxrs2/src/test/java/io/swagger/v3/jaxrs2/annotations/operations/AnnotatedOperationMethodTest.java,testGetOperationWithResponsePayloadAndAlternateCodes,182,3,0,100,48,558.4962500721157,4.809596160029071
swagger-core,modules/swagger-jaxrs2/src/test/java/io/swagger/v3/jaxrs2/annotations/operations/MergedOperationTest.java,testRequestBody,1,1,0,64,38,335.86736086038945,4.546927448350271
swagger-core,modules/swagger-core/src/test/java/io/swagger/v3/core/filter/SpecFilterTest.java,shouldRemoveBrokenNestedRefs,16,2,0,374,58,2190.8848921777117,3.8272039868146615
swagger-core,modules/swagger-core/src/test/java/io/swagger/v3/core/deserialization/JsonDeserializationTest.java,deserializeLongSchema,1,1,0,119,47,660.9960733496389,4.550033244389819
swagger-core,modules/swagger-jaxrs2/src/test/java/io/swagger/v3/jaxrs2/annotations/operations/MergedOperationTest.java,testPartiallyAnnotatedMethod,1,1,0,90,50,507.9470570797252,4.572780953300975
swagger-core,modules/swagger-jaxrs2/src/test/java/io/swagger/v3/jaxrs2/annotations/parameters/ParametersTest.java,testArraySchemaParameters,2,1,0,117,60,691.1061996861966,4.954121674045406
swagger-core,modules/swagger-jaxrs2/src/test/java/io/swagger/v3/jaxrs2/annotations/parameters/ParametersTest.java,testParameters,2,1,0,221,84,1412.702150434106,4.70366748361233
swagger-core,modules/swagger-jaxrs2/src/test/java/io/swagger/v3/jaxrs2/annotations/parameters/ParametersTest.java,testRepeatableParameters,2,1,0,221,84,1412.702150434106,4.70366748361233
swagger-core,modules/swagger-core/src/test/java/io/swagger/v3/core/resolving/HiddenFieldTest.java,testHiddenField,14,7,0,127,45,697.4653432338687,4.587727173650473
swagger-core,modules/swagger-core/src/test/java/io/swagger/v3/core/util/reflection/ReflectionUtilsTest.java,isOverriddenMethodTest,1,1,0,222,50,1252.9360741299888,4.5464195951606285
swagger-core,modules/swagger-jaxrs2/src/test/java/io/swagger/v3/jaxrs2/ReaderTest.java,testTicket3624,6,3,0,238,82,1513.097377099104,4.575577210067133
swagger-core,modules/swagger-core/src/test/java/io/swagger/v3/core/serialization/ModelSerializerTest.java,deserializeModelWithObjectExample,2,2,0,90,47,499.9129966509874,4.808985186258551
swagger-core,modules/swagger-jaxrs2/src/test/java/io/swagger/v3/jaxrs2/ReaderTest.java,testTicket3587,6,3,0,104,46,574.4504434299294,4.628599522230075
swagger-core,modules/swagger-core/src/test/java/io/swagger/v3/core/converting/ModelConverterTest.java,serializeParameterizedType,6,3,0,221,50,1247.2922179402142,4.6915048066139615
swagger-core,modules/swagger-core/src/test/java/io/swagger/v3/core/resolving/Ticket2862SubtypeTest.java,testSubType,2,1,0,75,41,401.81640034635626,4.854508052980361
swagger-core,modules/swagger-core/src/test/java/io/swagger/v3/core/resolving/v31/PatternAndSchemaPropertiesTest.java,testPatternAndSchemaProperties,1,1,0,411,94,2693.9360180395092,4.872053357507925
swagger-core,modules/swagger-core/src/test/java/io/swagger/v3/core/serialization/OpenAPI3_1SerializationTest.java,testSerializePetstore,79,1,0,673,216,5219.039288956014,5.037740216665761
swagger-core,modules/swagger-core/src/test/java/io/swagger/v3/core/converting/SwaggerSerializerTest.java,convertSpec,3,2,0,495,135,3503.023720540162,5.273894129333042
swagger-core,modules/swagger-core/src/test/java/io/swagger/v3/core/serialization/OpenAPI3_1SerializationTest.java,testCallRefSerialization,79,1,0,182,79,1147.2880961682329,4.998840982437875
swagger-core,modules/swagger-core/src/test/java/io/swagger/v3/core/deserialization/OpenAPI3_1DeserializationTest.java,testDeserializationOnOAS31,35,2,0,767,93,5015.534808119861,4.059138408865064
swagger-core,modules/swagger-core/src/test/java/io/swagger/v3/core/serialization/OpenAPI3_1SerializationTest.java,testComponentPathItemsSerialization,79,1,0,743,207,5716.260809421999,5.378862748079611
swagger-core,modules/swagger-core/src/test/java/io/swagger/v3/core/deserialization/OpenAPI3_1DeserializationTest.java,testDeserializationOnOAS30,35,2,0,588,79,3706.6230799281366,4.038102246057023
swagger-core,modules/swagger-core/src/test/java/io/swagger/v3/core/deserialization/OpenAPI3_1DeserializationTest.java,testRefDeserializationOnOAS31,35,2,0,458,66,2768.332506666172,3.944149652267781
swagger-core,modules/swagger-core/src/test/java/io/swagger/v3/core/serialization/OpenAPI3_1SerializationTest.java,testResponseRefSerialization,79,1,0,163,77,1021.486206133269,5.008581457717933
swagger-core,modules/swagger-core/src/test/java/io/swagger/v3/core/serialization/OpenAPI3_1SerializationTest.java,testParameterRefSerialization,79,1,0,150,72,925.4887502163468,4.975293129288779
swagger-core,modules/swagger-core/src/test/java/io/swagger/v3/core/serialization/OpenAPI3_1SerializationTest.java,testRequestBodyRefSerialization,79,1,0,183,85,1172.9185413131995,5.039108606303104
swagger-core,modules/swagger-core/src/test/java/io/swagger/v3/core/serialization/OpenAPI3_1SerializationTest.java,testHeaderRefSerialization,79,1,0,190,89,1230.3893518836155,5.086586287442864
swagger-core,modules/swagger-core/src/test/java/io/swagger/v3/core/serialization/OpenAPI3_1SerializationTest.java,testSecuritySchemeRefSerialization,79,1,0,83,45,455.823806995363,4.753674928936906
swagger-core,modules/swagger-core/src/test/java/io/swagger/v3/core/serialization/OpenAPI3_1SerializationTest.java,testLinkRefSerialization,79,1,0,190,90,1233.4520883026382,5.103665826905162
swagger-core,modules/swagger-core/src/test/java/io/swagger/v3/core/serialization/OpenAPI3_1SerializationTest.java,testPathItemsRefSerialization,79,1,0,171,82,1087.1413927896924,5.055380723101166
swagger-core,modules/swagger-core/src/test/java/io/swagger/v3/core/serialization/SchemaSerializationTest.java,serializeRefSchema3_1,36,1,0,350,77,2193.375289243216,4.781031650514449
swagger-core,modules/swagger-core/src/test/java/io/swagger/v3/core/resolving/Ticket2884Test.java,test2884,1,1,0,116,44,633.2940677619265,4.782978276486147
swagger-core,modules/swagger-core/src/test/java/io/swagger/v3/core/resolving/Ticket2884Test.java,test2884_null,1,1,0,87,36,449.7834751254812,4.298775754684067
swagger-core,modules/swagger-gradle-plugin/src/test/java/io/swagger/v3/plugins/gradle/SwaggerResolveTest.java,testSwaggerResolveWithOAS31OptionTask,242,63,0,271,110,1837.7484823651828,5.394685547728571
swagger-core,modules/swagger-core/src/test/java/io/swagger/v3/core/resolving/XmlModelTest.java,processXMLModelAttribute,4,2,0,110,41,589.3307205079892,4.54485650283894
swagger-core,modules/swagger-core/src/test/java/io/swagger/v3/core/resolving/XmlModelTest.java,itShouldNotCreateXmlObject,4,2,0,78,37,406.3373625190581,4.624609912883609
swagger-core,modules/swagger-core/src/test/java/io/swagger/v3/core/resolving/XmlModelTest.java,processModelWithJAXBAnnotationsAndNamespace,4,2,0,274,66,1656.1639887042163,4.872268235115816
swagger-core,modules/swagger-core/src/test/java/io/swagger/v3/core/serialization/OpenAPI3_1SerializationTest.java,testBooleanSchemaSerialization,79,1,0,343,63,2050.2070137604715,4.542620174124167
swagger-core,modules/swagger-core/src/test/java/io/swagger/v3/core/converting/EnumPropertyTest.java,testExtractJacksonEnumFields,12,1,0,299,63,1787.206697126475,4.82913270994757
incubator-datasketches-java,src/test/java/org/apache/datasketches/cpc/CpcCBinariesTest.java,checkEmptyBin,12,7,0,81,39,428.11757972784216,4.746620683493749
incubator-datasketches-java,src/test/java/org/apache/datasketches/cpc/CpcCBinariesTest.java,checkSparseBin,12,7,0,169,60,998.2645106578397,5.067027315756073
incubator-datasketches-java,src/test/java/org/apache/datasketches/cpc/CpcCBinariesTest.java,checkHybridBin,12,7,0,169,60,998.2645106578397,5.067027315756073
incubator-datasketches-java,src/test/java/org/apache/datasketches/cpc/CpcCBinariesTest.java,checkPinnedBin,12,7,0,169,60,998.2645106578397,5.067027315756073
incubator-datasketches-java,src/test/java/org/apache/datasketches/cpc/CpcCBinariesTest.java,checkSlidingBin,12,7,0,169,60,998.2645106578397,5.067027315756073
incubator-datasketches-java,src/test/java/org/apache/datasketches/cpc/CpcCBinariesTest.java,checkEmptyImages,12,7,0,127,45,697.4653432338687,4.86759330201629
incubator-datasketches-java,src/test/java/org/apache/datasketches/cpc/CpcCBinariesTest.java,checkSparseImages,12,7,0,147,51,833.84652526981,4.988271963069321
incubator-datasketches-java,src/test/java/org/apache/datasketches/cpc/CpcCBinariesTest.java,checkHybridImages,12,7,0,147,51,833.84652526981,4.988271963069322
incubator-datasketches-java,src/test/java/org/apache/datasketches/cpc/CpcCBinariesTest.java,checkPinnedImages,12,7,0,147,51,833.84652526981,4.988271963069322
incubator-datasketches-java,src/test/java/org/apache/datasketches/cpc/CpcCBinariesTest.java,checkSlidingImages,12,7,0,147,51,833.84652526981,4.988271963069322
incubator-datasketches-java,src/test/java/org/apache/datasketches/quantiles/ForwardCompatibilityTest.java,check030_50,1,1,0,28,19,118.94197037642039,4.066108939837481
incubator-datasketches-java,src/test/java/org/apache/datasketches/quantiles/ForwardCompatibilityTest.java,check030_1000,1,1,0,28,19,118.94197037642039,4.066108939837481
incubator-datasketches-java,src/test/java/org/apache/datasketches/quantiles/ForwardCompatibilityTest.java,check060_50,1,1,0,28,19,118.94197037642039,4.066108939837481
incubator-datasketches-java,src/test/java/org/apache/datasketches/quantiles/ForwardCompatibilityTest.java,check060_1000,1,1,0,28,19,118.94197037642039,4.066108939837481
incubator-datasketches-java,src/test/java/org/apache/datasketches/quantiles/ForwardCompatibilityTest.java,check080_50,1,1,0,28,19,118.94197037642039,4.066108939837481
incubator-datasketches-java,src/test/java/org/apache/datasketches/quantiles/ForwardCompatibilityTest.java,check080_1000,1,1,0,28,19,118.94197037642039,4.066108939837481
incubator-datasketches-java,src/test/java/org/apache/datasketches/quantiles/ForwardCompatibilityTest.java,check083_50,1,1,0,28,19,118.94197037642039,4.066108939837481
incubator-datasketches-java,src/test/java/org/apache/datasketches/quantiles/ForwardCompatibilityTest.java,check083_1000,1,1,0,28,19,118.94197037642039,4.066108939837481
incubator-datasketches-java,src/test/java/org/apache/datasketches/tuple/CompactSketchWithDoubleSummaryTest.java,serialVersion1Compatibility,5,4,0,114,50,643.3996056343186,4.865258822613496
incubator-datasketches-java,src/test/java/org/apache/datasketches/tuple/CompactSketchWithDoubleSummaryTest.java,deserializeWrongType,5,4,0,89,43,482.9375631684867,4.8805199099342245
incubator-datasketches-java,src/test/java/org/apache/datasketches/tuple/CompactSketchWithDoubleSummaryTest.java,emptyFromQuickSelectSketch,5,4,0,146,47,810.9699723449351,4.496592141207129
incubator-datasketches-java,src/test/java/org/apache/datasketches/tuple/CompactSketchWithDoubleSummaryTest.java,exactModeFromQuickSelectSketch,5,4,0,208,55,1202.5228204131292,4.6455750091603685
incubator-datasketches-java,src/test/java/org/apache/datasketches/tuple/CompactSketchWithDoubleSummaryTest.java,serializeDeserializeSmallExact,5,4,0,209,64,1254.0,4.817039439491203
incubator-datasketches-java,src/test/java/org/apache/datasketches/tuple/CompactSketchWithDoubleSummaryTest.java,serializeDeserializeEstimation,5,4,0,184,63,1099.8195059239847,4.995191075080158
incubator-datasketches-java,src/test/java/org/apache/datasketches/tuple/aninteger/EngagementTest.java,computeEngagementHistogram,23,5,0,155,41,830.4205607158029,4.774699302901717
